src,rec_id,receipt_id,is_dup
BANK,B000001,R00706,False
BANK,B000002,R00845,False
BANK,B000003,R00464,False
BANK,B000004,R01069,False
BANK,B000005,R01236,False
BANK,B000006,R00772,False
BANK,B000007,R00800,False
BANK,B000008,R01293,False
BANK,B000009,R01189,False
BANK,B000010,R00844,False
BANK,B000011,R00574,False
BANK,B000012,R00302,False
BANK,B000013,R01174,False
BANK,B000014,R00900,False
BANK,B000015,R00789,False
BANK,B000016,R01408,False
BANK,B000017,R00103,False
BANK,B000018,R01481,False
BANK,B000019,R01278,False
BANK,B000020,R01487,False
BANK,B000021,R00453,False
BANK,B000022,R00820,False
BANK,B000023,R00271,False
BANK,B000024,R00232,False
BANK,B000025,R00409,False
BANK,B000026,R00888,False
BANK,B000027,R01037,False
BANK,B000028,R00368,False
BANK,B000029,R01179,False
BANK,B000030,R00539,False
BANK,B000031,R01365,False
BANK,B000032,R00838,False
BANK,B000033,R01120,False
BANK,B000034,R00477,False
BANK,B000035,R00299,False
BANK,B000036,R00169,False
BANK,B000037,R00414,False
BANK,B000038,R01166,False
BANK,B000039,R00327,False
BANK,B000040,R00428,False
BANK,B000041,R01492,False
BANK,B000042,R00829,False
BANK,B000043,R01299,False
BANK,B000044,R01265,False
BANK,B000045,R01398,False
BANK,B000046,R00116,False
BANK,B000047,R00137,False
BANK,B000048,R01445,False
BANK,B000049,R00969,False
BANK,B000050,R00384,False
BANK,B000051,R00786,False
BANK,B000052,R00843,False
BANK,B000053,R00662,False
BANK,B000054,R00146,False
BANK,B000055,R01098,False
BANK,B000056,R00561,False
BANK,B000057,R00396,False
BANK,B000058,R00351,False
BANK,B000059,R01462,False
BANK,B000060,R00249,False
BANK,B000061,R00901,False
BANK,B000062,R00055,False
BANK,B000063,R00816,False
BANK,B000064,R00810,False
BANK,B000065,R01109,False
BANK,B000066,R00573,False
BANK,B000067,R01269,False
BANK,B000068,R01285,False
BANK,B000069,R01239,False
BANK,B000070,R01451,False
BANK,B000071,R01018,False
BANK,B000072,R00869,False
BANK,B000073,R00847,False
BANK,B000074,R00698,False
BANK,B000075,R01266,False
BANK,B000076,R00583,False
BANK,B000077,R00897,False
BANK,B000078,R00149,False
BANK,B000079,R00618,False
BANK,B000080,R00545,False
BANK,B000081,R01020,False
BANK,B000082,R01452,False
BANK,B000083,R01463,False
BANK,B000084,R01135,False
BANK,B000085,R00857,False
BANK,B000086,R00886,False
BANK,B000087,R01469,False
BANK,B000088,R00541,False
BANK,B000089,R01350,False
BANK,B000090,R01252,False
BANK,B000091,R01034,False
BANK,B000092,R00658,False
BANK,B000093,R01214,False
BANK,B000094,R01361,False
BANK,B000095,R00044,False
BANK,B000096,R01455,False
BANK,B000097,R00517,False
BANK,B000098,R00278,False
BANK,B000099,R00898,False
BANK,B000100,R00386,False
BANK,B000101,R00035,False
BANK,B000102,R01026,False
BANK,B000103,R00880,False
BANK,B000104,R00006,False
BANK,B000105,R00752,False
BANK,B000106,R00216,False
BANK,B000107,R01095,False
BANK,B000108,R01054,False
BANK,B000109,R00430,False
BANK,B000110,R00677,False
BANK,B000111,R01255,False
BANK,B000112,R00438,False
BANK,B000113,R00279,False
BANK,B000114,R00068,False
BANK,B000115,R00126,False
BANK,B000116,R01327,False
BANK,B000117,R00245,False
BANK,B000118,R01360,False
BANK,B000119,R01121,False
BANK,B000120,R00890,False
BANK,B000121,R00132,False
BANK,B000122,R00009,False
BANK,B000123,R00000,False
BANK,B000124,R00694,False
BANK,B000125,R00171,False
BANK,B000126,R00375,False
BANK,B000127,R00790,False
BANK,B000128,R00976,False
BANK,B000129,R00032,False
BANK,B000130,R00358,False
BANK,B000131,R00727,False
BANK,B000132,R00086,False
BANK,B000133,R00673,False
BANK,B000134,R00580,False
BANK,B000135,R00587,False
BANK,B000136,R00195,False
BANK,B000137,R00217,False
BANK,B000138,R00242,False
BANK,B000139,R00825,False
BANK,B000140,R00909,False
BANK,B000141,R00950,False
BANK,B000142,R00699,False
BANK,B000143,R00579,False
BANK,B000144,R00321,False
BANK,B000145,R00807,False
BANK,B000146,R01465,False
BANK,B000147,R01271,False
BANK,B000148,R00515,False
BANK,B000149,R00257,False
BANK,B000150,R00170,False
BANK,B000151,R01449,False
BANK,B000152,R00309,False
BANK,B000153,R01226,False
BANK,B000154,R01165,False
BANK,B000155,R01435,False
BANK,B000156,R01358,False
BANK,B000157,R00582,False
BANK,B000158,R01288,False
BANK,B000159,R00817,False
BANK,B000160,R01483,False
BANK,B000161,R00459,False
BANK,B000162,R01488,False
BANK,B000163,R00479,False
BANK,B000164,R00197,False
BANK,B000165,R00945,False
BANK,B000166,R00783,False
BANK,B000167,R00385,False
BANK,B000168,R01049,False
BANK,B000169,R01342,False
BANK,B000170,R00873,False
BANK,B000171,R00725,False
BANK,B000172,R00496,False
BANK,B000173,R00312,False
BANK,B000174,R00723,False
BANK,B000175,R01237,False
BANK,B000176,R01320,False
BANK,B000177,R00537,False
BANK,B000178,R01019,False
BANK,B000179,R01156,False
BANK,B000180,R00862,False
BANK,B000181,R01215,False
BANK,B000182,R00435,False
BANK,B000183,R00500,False
BANK,B000184,R00872,False
BANK,B000185,R00364,False
BANK,B000186,R00777,False
BANK,B000187,R00782,False
BANK,B000188,R00119,False
BANK,B000189,R00156,False
BANK,B000190,R00073,False
BANK,B000191,R00944,False
BANK,B000192,R00442,False
BANK,B000193,R00822,False
BANK,B000194,R00681,False
BANK,B000195,R00220,False
BANK,B000196,R00947,False
BANK,B000197,R01341,False
BANK,B000198,R01357,False
BANK,B000199,R00704,False
BANK,B000200,R01004,False
BANK,B000201,R00413,False
BANK,B000202,R00433,False
BANK,B000203,R00758,False
BANK,B000204,R00017,False
BANK,B000205,R00669,False
BANK,B000206,R00603,False
BANK,B000207,R00720,False
BANK,B000208,R00751,False
BANK,B000209,R00407,False
BANK,B000210,R01089,False
BANK,B000211,R00521,False
BANK,B000212,R00255,False
BANK,B000213,R00328,False
BANK,B000214,R00461,False
BANK,B000215,R00768,False
BANK,B000216,R00923,False
BANK,B000217,R00937,False
BANK,B000218,R01062,False
BANK,B000219,R00527,False
BANK,B000220,R00456,False
BANK,B000221,R01186,False
BANK,B000222,R00117,False
BANK,B000223,R01444,False
BANK,B000224,R00619,False
BANK,B000225,R00833,False
BANK,B000226,R00240,False
BANK,B000227,R00099,False
BANK,B000228,R00974,False
BANK,B000229,R00272,False
BANK,B000230,R01480,False
BANK,B000231,R00936,False
BANK,B000232,R00177,False
BANK,B000233,R00286,False
BANK,B000234,R01103,False
BANK,B000235,R00960,False
BANK,B000236,R00883,False
BANK,B000237,R00535,False
BANK,B000238,R00356,False
BANK,B000239,R00532,False
BANK,B000240,R01405,False
BANK,B000241,R01045,False
BANK,B000242,R00389,False
BANK,B000243,R00082,False
BANK,B000244,R00846,False
BANK,B000245,R01228,False
BANK,B000246,R00057,False
BANK,B000247,R00181,False
BANK,B000248,R00749,False
BANK,B000249,R00702,False
BANK,B000250,R00186,False
BANK,B000251,R00167,False
BANK,B000252,R01075,False
BANK,B000253,R00622,False
BANK,B000254,R00349,False
BANK,B000255,R00410,False
BANK,B000256,R00684,False
BANK,B000257,R00703,False
BANK,B000258,R00543,False
BANK,B000259,R00261,False
BANK,B000260,R01031,False
BANK,B000261,R01486,False
BANK,B000262,R01077,False
BANK,B000263,R00466,False
BANK,B000264,R00907,False
BANK,B000265,R00531,False
BANK,B000266,R01192,False
BANK,B000267,R00040,False
BANK,B000268,R01432,False
BANK,B000269,R00468,False
BANK,B000270,R00660,False
BANK,B000271,R00022,False
BANK,B000272,R00634,False
BANK,B000273,R00391,False
BANK,B000274,R01173,False
BANK,B000275,R01105,False
BANK,B000276,R00258,False
BANK,B000277,R00348,False
BANK,B000278,R01344,False
BANK,B000279,R00250,False
BANK,B000280,R00760,False
BANK,B000281,R00563,False
BANK,B000282,R01431,False
BANK,B000283,R01404,False
BANK,B000284,R00229,False
BANK,B000285,R00911,False
BANK,B000286,R01114,False
BANK,B000287,R00071,False
BANK,B000288,R00051,False
BANK,B000289,R00887,False
BANK,B000290,R00837,False
BANK,B000291,R00992,False
BANK,B000292,R00542,False
BANK,B000293,R01177,False
BANK,B000294,R00522,False
BANK,B000295,R00425,False
BANK,B000296,R01325,False
BANK,B000297,R00101,False
BANK,B000298,R01112,False
BANK,B000299,R00397,False
BANK,B000300,R00252,False
BANK,B000301,R00008,False
BANK,B000302,R01363,False
BANK,B000303,R01084,False
BANK,B000304,R00652,False
BANK,B000305,R00663,False
BANK,B000306,R01071,False
BANK,B000307,R00871,False
BANK,B000308,R00223,False
BANK,B000309,R00734,False
BANK,B000310,R00338,False
BANK,B000311,R01473,False
BANK,B000312,R00362,False
BANK,B000313,R01354,False
BANK,B000314,R01394,False
BANK,B000315,R00963,False
BANK,B000316,R01256,False
BANK,B000317,R00141,False
BANK,B000318,R00902,False
BANK,B000319,R01287,False
BANK,B000320,R00485,False
BANK,B000321,R00565,False
BANK,B000322,R00326,False
BANK,B000323,R00625,False
BANK,B000324,R00566,False
BANK,B000325,R00636,False
BANK,B000326,R00077,False
BANK,B000327,R01290,False
BANK,B000328,R01111,False
BANK,B000329,R00031,False
BANK,B000330,R00509,False
BANK,B000331,R00718,False
BANK,B000332,R01385,False
BANK,B000333,R00411,False
BANK,B000334,R00147,False
BANK,B000335,R00975,False
BANK,B000336,R01478,False
BANK,B000337,R00325,False
BANK,B000338,R00314,False
BANK,B000339,R00188,False
BANK,B000340,R00592,False
BANK,B000341,R01307,False
BANK,B000342,R01250,False
BANK,B000343,R00096,False
BANK,B000344,R01453,False
BANK,B000345,R00383,False
BANK,B000346,R00853,False
BANK,B000347,R01106,False
BANK,B000348,R01264,False
BANK,B000349,R00567,False
BANK,B000350,R00988,False
BANK,B000351,R00507,False
BANK,B000352,R00831,False
BANK,B000353,R00856,False
BANK,B000354,R00118,False
BANK,B000355,R01012,False
BANK,B000356,R00616,False
BANK,B000357,R00830,False
BANK,B000358,R01123,False
BANK,B000359,R01401,False
BANK,B000360,R01046,False
BANK,B000361,R01306,False
BANK,B000362,R01424,False
BANK,B000363,R01178,False
BANK,B000364,R00932,False
BANK,B000365,R00482,False
BANK,B000366,R00695,False
BANK,B000367,R00210,False
BANK,B000368,R00918,False
BANK,B000369,R00379,False
BANK,B000370,R00345,False
BANK,B000371,R01412,False
BANK,B000372,R01010,False
BANK,B000373,R00508,False
BANK,B000374,R01296,False
BANK,B000375,R00208,False
BANK,B000376,R01260,False
BANK,B000377,R01321,False
BANK,B000378,R00743,False
BANK,B000379,R00215,False
BANK,B000380,R01428,False
BANK,B000381,R00205,False
BANK,B000382,R00778,False
BANK,B000383,R01490,False
BANK,B000384,R00889,False
BANK,B000385,R01122,False
BANK,B000386,R00504,False
BANK,B000387,R00617,False
BANK,B000388,R01458,False
BANK,B000389,R00291,False
BANK,B000390,R00142,False
BANK,B000391,R00949,False
BANK,B000392,R00398,False
BANK,B000393,R00151,False
BANK,B000394,R00313,False
BANK,B000395,R00110,False
BANK,B000396,R00298,False
BANK,B000397,R00813,False
BANK,B000398,R00449,False
BANK,B000399,R01208,False
BANK,B000400,R01027,False
BANK,B000401,R01409,False
BANK,B000402,R00412,False
BANK,B000403,R00533,False
BANK,B000404,R01381,False
BANK,B000405,R00280,False
BANK,B000406,R01191,False
BANK,B000407,R00572,False
BANK,B000408,R00038,False
BANK,B000409,R00153,False
BANK,B000410,R00494,False
BANK,B000411,R00840,False
BANK,B000412,R00795,False
BANK,B000413,R01482,False
BANK,B000414,R00637,False
BANK,B000415,R00418,False
BANK,B000416,R00341,False
BANK,B000417,R01399,False
BANK,B000418,R01229,False
BANK,B000419,R00970,False
BANK,B000420,R00095,False
BANK,B000421,R01238,False
BANK,B000422,R00854,False
BANK,B000423,R00270,False
BANK,B000424,R00480,False
BANK,B000425,R00659,False
BANK,B000426,R00262,False
BANK,B000427,R01337,False
BANK,B000428,R01315,False
BANK,B000429,R01402,False
BANK,B000430,R01113,False
BANK,B000431,R00352,False
BANK,B000432,R01450,False
BANK,B000433,R00238,False
BANK,B000434,R00951,False
BANK,B000435,R00399,False
BANK,B000436,R01104,False
BANK,B000437,R00525,False
BANK,B000438,R00189,False
BANK,B000439,R00332,False
BANK,B000440,R00225,False
BANK,B000441,R01366,False
BANK,B000442,R00087,False
BANK,B000443,R00441,False
BANK,B000444,R00927,False
BANK,B000445,R00306,False
BANK,B000446,R01154,False
BANK,B000447,R01475,False
BANK,B000448,R01390,False
BANK,B000449,R00135,False
BANK,B000450,R01059,False
BANK,B000451,R00801,False
BANK,B000452,R01185,False
BANK,B000453,R01434,False
BANK,B000454,R00166,False
BANK,B000455,R00402,False
BANK,B000456,R00367,False
BANK,B000457,R00987,False
BANK,B000458,R00594,False
BANK,B000459,R00747,False
BANK,B000460,R00308,False
BANK,B000461,R00553,False
BANK,B000462,R01033,False
BANK,B000463,R00446,False
BANK,B000464,R00798,False
BANK,B000465,R00967,False
BANK,B000466,R01461,False
BANK,B000467,R01013,False
BANK,B000468,R00748,False
BANK,B000469,R00320,False
BANK,B000470,R00606,False
BANK,B000471,R00524,False
BANK,B000472,R01176,False
BANK,B000473,R01438,False
BANK,B000474,R01403,False
BANK,B000475,R00337,False
BANK,B000476,R01029,False
BANK,B000477,R01248,False
BANK,B000478,R00168,False
BANK,B000479,R01387,False
BANK,B000480,R00631,False
BANK,B000481,R01094,False
BANK,B000482,R00293,False
BANK,B000483,R00737,False
BANK,B000484,R00486,False
BANK,B000485,R00370,False
BANK,B000486,R01493,False
BANK,B000487,R01068,False
BANK,B000488,R00645,False
BANK,B000489,R00065,False
BANK,B000490,R01144,False
BANK,B000491,R00253,False
BANK,B000492,R00626,False
BANK,B000493,R01329,False
BANK,B000494,R00267,False
BANK,B000495,R00990,False
BANK,B000496,R00138,False
BANK,B000497,R00196,False
BANK,B000498,R01175,False
BANK,B000499,R00198,False
BANK,B000500,R01371,False
BANK,B000501,R01159,False
BANK,B000502,R01141,False
BANK,B000503,R01311,False
BANK,B000504,R01356,False
BANK,B000505,R00520,False
BANK,B000506,R00193,False
BANK,B000507,R01362,False
BANK,B000508,R00978,False
BANK,B000509,R00997,False
BANK,B000510,R00043,False
BANK,B000511,R00764,False
BANK,B000512,R00373,False
BANK,B000513,R01359,False
BANK,B000514,R01267,False
BANK,B000515,R01270,False
BANK,B000516,R00497,False
BANK,B000517,R00062,False
BANK,B000518,R00908,False
BANK,B000519,R00021,False
BANK,B000520,R00300,False
BANK,B000521,R00052,False
BANK,B000522,R00745,False
BANK,B000523,R00629,False
BANK,B000524,R00575,False
BANK,B000525,R01051,False
BANK,B000526,R00200,False
BANK,B000527,R00627,False
BANK,B000528,R00392,False
BANK,B000529,R01137,False
BANK,B000530,R01043,False
BANK,B000531,R01150,False
BANK,B000532,R00067,False
BANK,B000533,R00331,False
BANK,B000534,R00378,False
BANK,B000535,R00613,False
BANK,B000536,R01284,False
BANK,B000537,R01158,False
BANK,B000538,R00769,False
BANK,B000539,R00093,False
BANK,B000540,R00912,False
BANK,B000541,R01016,False
BANK,B000542,R01384,False
BANK,B000543,R00633,False
BANK,B000544,R00187,False
BANK,B000545,R01467,False
BANK,B000546,R00757,False
BANK,B000547,R00551,False
BANK,B000548,R01172,False
BANK,B000549,R01477,False
BANK,B000550,R01282,False
BANK,B000551,R00808,False
BANK,B000552,R01167,False
BANK,B000553,R01319,False
BANK,B000554,R01093,False
BANK,B000555,R00439,False
BANK,B000556,R01351,False
BANK,B000557,R01065,False
BANK,B000558,R00956,False
BANK,B000559,R00372,False
BANK,B000560,R00959,False
BANK,B000561,R00686,False
BANK,B000562,R01251,False
BANK,B000563,R01494,False
BANK,B000564,R00162,False
BANK,B000565,R00143,False
BANK,B000566,R00961,False
BANK,B000567,R00941,False
BANK,B000568,R01301,False
BANK,B000569,R00064,False
BANK,B000570,R00026,False
BANK,B000571,R00906,False
BANK,B000572,R01339,False
BANK,B000573,R01130,False
BANK,B000574,R00776,False
BANK,B000575,R00274,False
BANK,B000576,R01332,False
BANK,B000577,R01058,False
BANK,B000578,R01184,False
BANK,B000579,R00623,False
BANK,B000580,R01373,False
BANK,B000581,R00731,False
BANK,B000582,R00424,False
BANK,B000583,R01479,False
BANK,B000584,R01190,False
BANK,B000585,R01078,False
BANK,B000586,R00971,False
BANK,B000587,R00463,False
BANK,B000588,R01224,False
BANK,B000589,R01042,False
BANK,B000590,R00928,False
BANK,B000591,R00164,False
BANK,B000592,R00247,False
BANK,B000593,R00495,False
BANK,B000594,R01484,False
BANK,B000595,R00571,False
BANK,B000596,R01308,False
BANK,B000597,R00154,False
BANK,B000598,R01443,False
BANK,B000599,R01099,False
BANK,B000600,R01436,False
BANK,B000601,R00237,False
BANK,B000602,R01495,False
BANK,B000603,R00353,False
BANK,B000604,R00090,False
BANK,B000605,R00953,False
BANK,B000606,R00406,False
BANK,B000607,R00081,False
BANK,B000608,R00139,False
BANK,B000609,R00472,False
BANK,B000610,R00004,False
BANK,B000611,R00434,False
BANK,B000612,R00794,False
BANK,B000613,R00620,False
BANK,B000614,R01152,False
BANK,B000615,R00499,False
BANK,B000616,R00993,False
BANK,B000617,R00632,False
BANK,B000618,R01038,False
BANK,B000619,R00546,False
BANK,B000620,R01330,False
BANK,B000621,R00882,False
BANK,B000622,R01472,False
BANK,B000623,R00934,False
BANK,B000624,R01056,False
BANK,B000625,R00213,False
BANK,B000626,R00185,False
BANK,B000627,R00029,False
BANK,B000628,R00284,False
BANK,B000629,R00266,False
BANK,B000630,R01372,False
BANK,B000631,R00297,False
BANK,B000632,R00003,False
BANK,B000633,R01292,False
BANK,B000634,R01091,False
BANK,B000635,R00799,False
BANK,B000636,R00218,False
BANK,B000637,R00755,False
BANK,B000638,R01318,False
BANK,B000639,R00046,False
BANK,B000640,R00120,False
BANK,B000641,R01219,False
BANK,B000642,R00688,False
BANK,B000643,R01183,False
BANK,B000644,R01262,False
BANK,B000645,R01417,False
BANK,B000646,R00922,False
BANK,B000647,R00832,False
BANK,B000648,R00175,False
BANK,B000649,R01457,False
BANK,B000650,R01367,False
BANK,B000651,R00030,False
BANK,B000652,R00221,False
BANK,B000653,R00334,False
BANK,B000654,R00505,False
BANK,B000655,R00915,False
BANK,B000656,R00797,False
BANK,B000657,R00904,False
BANK,B000658,R00791,False
BANK,B000659,R00646,False
BANK,B000660,R01212,False
BANK,B000661,R00536,False
BANK,B000662,R00204,False
BANK,B000663,R00019,False
BANK,B000664,R00113,False
BANK,B000665,R00938,False
BANK,B000666,R00870,False
BANK,B000667,R00973,False
BANK,B000668,R01247,False
BANK,B000669,R00108,False
BANK,B000670,R00230,False
BANK,B000671,R01498,False
BANK,B000672,R01430,False
BANK,B000673,R01074,False
BANK,B000674,R00072,False
BANK,B000675,R00611,False
BANK,B000676,R00069,False
BANK,B000677,R00276,False
BANK,B000678,R00709,False
BANK,B000679,R00943,False
BANK,B000680,R00366,False
BANK,B000681,R00053,False
BANK,B000682,R00289,False
BANK,B000683,R00484,False
BANK,B000684,R00123,False
BANK,B000685,R00473,False
BANK,B000686,R00708,False
BANK,B000687,R00643,False
BANK,B000688,R00281,False
BANK,B000689,R01145,False
BANK,B000690,R00784,False
BANK,B000691,R01201,False
BANK,B000692,R00972,False
BANK,B000693,R01419,False
BANK,B000694,R00075,False
BANK,B000695,R00621,False
BANK,B000696,R01100,False
BANK,B000697,R00518,False
BANK,B000698,R00767,False
BANK,B000699,R00275,False
BANK,B000700,R00728,False
BANK,B000701,R00184,False
BANK,B000702,R00202,False
BANK,B000703,R01017,False
BANK,B000704,R01476,False
BANK,B000705,R00234,False
BANK,B000706,R00717,False
BANK,B000707,R00251,False
BANK,B000708,R00562,False
BANK,B000709,R01355,False
BANK,B000710,R00443,False
BANK,B000711,R00182,False
BANK,B000712,R00650,False
BANK,B000713,R01030,False
BANK,B000714,R01491,False
BANK,B000715,R00283,False
BANK,B000716,R01161,False
BANK,B000717,R01352,False
BANK,B000718,R01115,False
BANK,B000719,R00054,False
BANK,B000720,R01119,False
BANK,B000721,R00404,False
BANK,B000722,R00452,False
BANK,B000723,R01243,False
BANK,B000724,R01050,False
BANK,B000725,R00405,False
BANK,B000726,R01090,False
BANK,B000727,R00896,False
BANK,B000728,R01151,False
BANK,B000729,R00158,False
BANK,B000730,R01240,False
BANK,B000731,R00666,False
BANK,B000732,R01378,False
BANK,B000733,R00555,False
BANK,B000734,R01489,False
BANK,B000735,R00628,False
BANK,B000736,R00444,False
BANK,B000737,R01216,False
BANK,B000738,R00114,False
BANK,B000739,R00020,False
BANK,B000740,R01052,False
BANK,B000741,R00939,False
BANK,B000742,R00179,False
BANK,B000743,R00419,False
BANK,B000744,R00875,False
BANK,B000745,R01007,False
BANK,B000746,R00016,False
BANK,B000747,R00999,False
BANK,B000748,R00448,False
BANK,B000749,R01009,False
BANK,B000750,R00607,False
BANK,B000751,R00548,False
BANK,B000752,R01014,False
BANK,B000753,R00716,False
BANK,B000754,R00365,False
BANK,B000755,R00711,False
BANK,B000756,R00678,False
BANK,B000757,R01295,False
BANK,B000758,R00577,False
BANK,B000759,R00343,False
BANK,B000760,R01164,False
BANK,B000761,R01310,False
BANK,B000762,R00295,False
BANK,B000763,R01441,False
BANK,B000764,R01206,False
BANK,B000765,R00802,False
BANK,B000766,R00700,False
BANK,B000767,R00892,False
BANK,B000768,R01334,False
BANK,B000769,R00746,False
BANK,B000770,R01073,False
BANK,B000771,R00605,False
BANK,B000772,R01391,False
BANK,B000773,R00010,False
BANK,B000774,R00350,False
BANK,B000775,R01298,False
BANK,B000776,R00560,False
BANK,B000777,R00487,False
BANK,B000778,R00994,False
BANK,B000779,R00655,False
BANK,B000780,R00996,False
BANK,B000781,R01146,False
BANK,B000782,R01163,False
BANK,B000783,R00506,False
BANK,B000784,R00647,False
BANK,B000785,R01340,False
BANK,B000786,R01194,False
BANK,B000787,R00930,False
BANK,B000788,R00926,False
BANK,B000789,R00878,False
BANK,B000790,R00228,False
BANK,B000791,R00288,False
BANK,B000792,R01139,False
BANK,B000793,R00991,False
BANK,B000794,R00330,False
BANK,B000795,R00294,False
BANK,B000796,R00028,False
BANK,B000797,R00056,False
BANK,B000798,R00916,False
BANK,B000799,R00876,False
BANK,B000800,R01258,False
BANK,B000801,R00538,False
BANK,B000802,R00788,False
BANK,B000803,R01379,False
BANK,B000804,R00304,False
BANK,B000805,R00982,False
BANK,B000806,R00806,False
BANK,B000807,R01322,False
BANK,B000808,R00133,False
BANK,B000809,R01221,False
BANK,B000810,R00307,False
BANK,B000811,R01128,False
BANK,B000812,R00112,False
BANK,B000813,R00455,False
BANK,B000814,R00131,False
BANK,B000815,R01411,False
BANK,B000816,R01496,False
BANK,B000817,R01257,False
BANK,B000818,R00033,False
BANK,B000819,R00761,False
BANK,B000820,R00329,False
BANK,B000821,R00654,False
BANK,B000822,R01433,False
BANK,B000823,R01386,False
BANK,B000824,R00157,False
BANK,B000825,R01002,False
BANK,B000826,R01083,False
BANK,B000827,R01364,False
BANK,B000828,R01343,False
BANK,B000829,R00436,False
BANK,B000830,R00078,False
BANK,B000831,R00705,False
BANK,B000832,R00287,False
BANK,B000833,R00977,False
BANK,B000834,R01028,False
BANK,B000835,R00128,False
BANK,B000836,R00707,False
BANK,B000837,R01454,False
BANK,B000838,R00921,False
BANK,B000839,R00569,False
BANK,B000840,R00125,False
BANK,B000841,R00130,False
BANK,B000842,R00979,False
BANK,B000843,R00115,False
BANK,B000844,R01188,False
BANK,B000845,R01155,False
BANK,B000846,R00265,False
BANK,B000847,R00423,False
BANK,B000848,R00241,False
BANK,B000849,R00929,False
BANK,B000850,R00534,False
BANK,B000851,R00984,False
BANK,B000852,R00227,False
BANK,B000853,R00596,False
BANK,B000854,R00676,False
BANK,B000855,R01160,False
BANK,B000856,R01414,False
BANK,B000857,R01117,False
BANK,B000858,R00259,False
BANK,B000859,R01422,False
BANK,B000860,R01187,False
BANK,B000861,R01395,False
BANK,B000862,R00530,False
BANK,B000863,R00914,False
BANK,B000864,R00269,False
BANK,B000865,R00547,False
BANK,B000866,R00980,False
BANK,B000867,R00393,False
BANK,B000868,R00965,False
BANK,B000869,R01349,False
BANK,B000870,R00519,False
BANK,B000871,R00664,False
BANK,B000872,R00467,False
BANK,B000873,R01317,False
BANK,B000874,R00697,False
BANK,B000875,R00785,False
BANK,B000876,R00454,False
BANK,B000877,R00719,False
BANK,B000878,R00687,False
BANK,B000879,R01304,False
BANK,B000880,R00955,False
BANK,B000881,R00895,False
BANK,B000882,R00268,False
BANK,B000883,R00489,False
BANK,B000884,R01180,False
BANK,B000885,R00849,False
BANK,B000886,R00624,False
BANK,B000887,R00192,False
BANK,B000888,R00966,False
BANK,B000889,R00136,False
BANK,B000890,R00493,False
BANK,B000891,R01047,False
BANK,B000892,R00671,False
BANK,B000893,R01134,False
BANK,B000894,R00674,False
BANK,B000895,R00766,False
BANK,B000896,R00322,False
BANK,B000897,R01199,False
BANK,B000898,R00899,False
BANK,B000899,R00342,False
BANK,B000900,R00986,False
BANK,B000901,R01396,False
BANK,B000902,R00824,False
BANK,B000903,R00952,False
BANK,B000904,R00600,False
BANK,B000905,R00701,False
BANK,B000906,R01210,False
BANK,B000907,R01416,False
BANK,B000908,R00340,False
BANK,B000909,R00457,False
BANK,B000910,R00919,False
BANK,B000911,R00879,False
BANK,B000912,R00474,False
BANK,B000913,R01110,False
BANK,B000914,R00084,False
BANK,B000915,R00657,False
BANK,B000916,R01369,False
BANK,B000917,R01195,False
BANK,B000918,R00239,False
BANK,B000919,R00672,False
BANK,B000920,R00244,False
BANK,B000921,R01171,False
BANK,B000922,R00098,False
BANK,B000923,R00995,False
BANK,B000924,R00039,False
BANK,B000925,R00191,False
BANK,B000926,R00957,False
BANK,B000927,R00598,False
BANK,B000928,R01234,False
BANK,B000929,R00129,False
BANK,B000930,R01170,False
BANK,B000931,R01466,False
BANK,B000932,R01336,False
BANK,B000933,R00568,False
BANK,B000934,R01067,False
BANK,B000935,R00983,False
BANK,B000936,R00933,False
BANK,B000937,R01254,False
BANK,B000938,R00243,False
BANK,B000939,R01220,False
BANK,B000940,R01129,False
BANK,B000941,R00615,False
BANK,B000942,R00599,False
BANK,B000943,R01127,False
BANK,B000944,R00122,False
BANK,B000945,R00315,False
BANK,B000946,R00770,False
BANK,B000947,R00501,False
BANK,B000948,R00254,False
BANK,B000949,R00841,False
BANK,B000950,R01397,False
BANK,B000951,R01088,False
BANK,B000952,R01223,False
BANK,B000953,R00002,False
BANK,B000954,R01437,False
BANK,B000955,R00985,False
BANK,B000956,R00823,False
BANK,B000957,R00729,False
BANK,B000958,R01204,False
BANK,B000959,R00155,False
BANK,B000960,R01276,False
BANK,B000961,R00651,False
BANK,B000962,R00371,False
BANK,B000963,R00161,False
BANK,B000964,R01423,False
BANK,B000965,R00858,False
BANK,B000966,R00236,False
BANK,B000967,R00121,False
BANK,B000968,R00821,False
BANK,B000969,R00282,False
BANK,B000970,R01070,False
BANK,B000971,R00079,False
BANK,B000972,R01426,False
BANK,B000973,R00311,False
BANK,B000974,R00735,False
BANK,B000975,R00107,False
BANK,B000976,R00310,False
BANK,B000977,R00445,False
BANK,B000978,R01131,False
BANK,B000979,R00818,False
BANK,B000980,R01305,False
BANK,B000981,R00640,False
BANK,B000982,R01048,False
BANK,B000983,R01326,False
BANK,B000984,R00549,False
BANK,B000985,R00787,False
BANK,B000986,R00614,False
BANK,B000987,R01273,False
BANK,B000988,R00048,False
BANK,B000989,R00074,False
BANK,B000990,R00059,False
BANK,B000991,R00812,False
BANK,B000992,R00826,False
BANK,B000993,R01297,False
BANK,B000994,R00097,False
BANK,B000995,R00190,False
BANK,B000996,R01328,False
BANK,B000997,R00256,False
BANK,B000998,R00415,False
BANK,B000999,R00635,False
BANK,B001000,R00710,False
BANK,B001001,R01182,False
BANK,B001002,R00586,False
BANK,B001003,R01148,False
BANK,B001004,R00421,False
BANK,B001005,R00874,False
BANK,B001006,R01302,False
BANK,B001007,R00665,False
BANK,B001008,R00940,False
BANK,B001009,R01061,False
BANK,B001010,R01471,False
BANK,B001011,R00174,False
BANK,B001012,R00931,False
BANK,B001013,R00203,False
BANK,B001014,R00183,False
BANK,B001015,R00865,False
BANK,B001016,R00007,False
BANK,B001017,R00981,False
BANK,B001018,R00109,False
BANK,B001019,R00540,False
BANK,B001020,R00042,False
BANK,B001021,R01063,False
BANK,B001022,R01076,False
BANK,B001023,R00891,False
BANK,B001024,R00222,False
BANK,B001025,R01044,False
BANK,B001026,R01193,False
BANK,B001027,R01040,False
BANK,B001028,R00905,False
BANK,B001029,R01347,False
BANK,B001030,R01316,False
BANK,B001031,R00085,False
BANK,B001032,R00211,False
BANK,B001033,R00726,False
BANK,B001034,R01196,False
BANK,B001035,R01118,False
BANK,B001036,R00224,False
BANK,B001037,R00176,False
BANK,B001038,R01275,False
BANK,B001039,R00773,False
BANK,B001040,R01136,False
BANK,B001041,R00680,False
BANK,B001042,R00460,False
BANK,B001043,R00696,False
BANK,B001044,R01331,False
BANK,B001045,R00235,False
BANK,B001046,R01207,False
BANK,B001047,R00014,False
BANK,B001048,R00792,False
BANK,B001049,R00429,False
BANK,B001050,R00394,False
BANK,B001051,R00173,False
BANK,B001052,R01231,False
BANK,B001053,R00756,False
BANK,B001054,R01001,False
BANK,B001055,R00317,False
BANK,B001056,R00556,False
BANK,B001057,R00316,False
BANK,B001058,R00730,False
BANK,B001059,R01032,False
BANK,B001060,R00012,False
BANK,B001061,R00661,False
BANK,B001062,R00759,False
BANK,B001063,R00214,False
BANK,B001064,R00630,False
BANK,B001065,R01348,False
BANK,B001066,R01008,False
BANK,B001067,R00376,False
BANK,B001068,R00885,False
BANK,B001069,R01217,False
BANK,B001070,R00736,False
BANK,B001071,R00675,False
BANK,B001072,R00712,False
BANK,B001073,R00058,False
BANK,B001074,R01138,False
BANK,B001075,R00511,False
BANK,B001076,R00738,False
BANK,B001077,R00431,False
BANK,B001078,R01035,False
BANK,B001079,R01233,False
BANK,B001080,R00804,False
BANK,B001081,R00602,False
BANK,B001082,R00390,False
BANK,B001083,R00061,False
BANK,B001084,R00359,False
BANK,B001085,R00377,False
BANK,B001086,R00462,False
BANK,B001087,R00877,False
BANK,B001088,R00894,False
BANK,B001089,R01280,False
BANK,B001090,R00470,False
BANK,B001091,R01448,False
BANK,B001092,R01281,False
BANK,B001093,R00246,False
BANK,B001094,R00041,False
BANK,B001095,R00233,False
BANK,B001096,R01203,False
BANK,B001097,R00050,False
BANK,B001098,R01064,False
BANK,B001099,R01300,False
BANK,B001100,R01072,False
BANK,B001101,R01377,False
BANK,B001102,R00013,False
BANK,B001103,R00492,False
BANK,B001104,R01097,False
BANK,B001105,R00088,False
BANK,B001106,R00656,False
BANK,B001107,R00001,False
BANK,B001108,R00488,False
BANK,B001109,R00733,False
BANK,B001110,R00910,False
BANK,B001111,R01060,False
BANK,B001112,R00422,False
BANK,B001113,R00713,False
BANK,B001114,R01274,False
BANK,B001115,R00741,False
BANK,B001116,R00319,False
BANK,B001117,R01277,False
BANK,B001118,R01147,False
BANK,B001119,R01057,False
BANK,B001120,R00127,False
BANK,B001121,R00863,False
BANK,B001122,R01133,False
BANK,B001123,R00369,False
BANK,B001124,R00172,False
BANK,B001125,R00206,False
BANK,B001126,R00277,False
BANK,B001127,R00597,False
BANK,B001128,R01211,False
BANK,B001129,R01241,False
BANK,B001130,R00814,False
BANK,B001131,R00765,False
BANK,B001132,R00209,False
BANK,B001133,R00805,False
BANK,B001134,R00401,False
BANK,B001135,R00024,False
BANK,B001136,R00724,False
BANK,B001137,R00159,False
BANK,B001138,R01468,False
BANK,B001139,R00049,False
BANK,B001140,R00475,False
BANK,B001141,R01312,False
BANK,B001142,R00248,False
BANK,B001143,R00111,False
BANK,B001144,R01338,False
BANK,B001145,R00954,False
BANK,B001146,R01415,False
BANK,B001147,R00989,False
BANK,B001148,R00015,False
BANK,B001149,R00835,False
BANK,B001150,R00601,False
BANK,B001151,R00689,False
BANK,B001152,R00917,False
BANK,B001153,R00105,False
BANK,B001154,R01497,False
BANK,B001155,R00106,False
BANK,B001156,R00612,False
BANK,B001157,R01440,False
BANK,B001158,R01253,False
BANK,B001159,R00558,False
BANK,B001160,R00483,False
BANK,B001161,R00691,False
BANK,B001162,R00715,False
BANK,B001163,R00744,False
BANK,B001164,R00260,False
BANK,B001165,R00070,False
BANK,B001166,R01429,False
BANK,B001167,R01413,False
BANK,B001168,R00134,False
BANK,B001169,R01011,False
BANK,B001170,R00638,False
BANK,B001171,R01132,False
BANK,B001172,R01460,False
BANK,B001173,R00104,False
BANK,B001174,R00212,False
BANK,B001175,R00550,False
BANK,B001176,R00653,False
BANK,B001177,R00836,False
BANK,B001178,R00226,False
BANK,B001179,R00685,False
BANK,B001180,R01000,False
BANK,B001181,R01283,False
BANK,B001182,R00427,False
BANK,B001183,R00102,False
BANK,B001184,R00851,False
BANK,B001185,R01198,False
BANK,B001186,R00290,False
BANK,B001187,R01086,False
BANK,B001188,R00590,False
BANK,B001189,R00471,False
BANK,B001190,R00335,False
BANK,B001191,R00859,False
BANK,B001192,R01218,False
BANK,B001193,R00595,False
BANK,B001194,R01259,False
BANK,B001195,R00091,False
BANK,B001196,R01333,False
BANK,B001197,R00848,False
BANK,B001198,R00148,False
BANK,B001199,R01230,False
BANK,B001200,R01425,False
BANK,B001201,R00523,False
BANK,B001202,R00866,False
BANK,B001203,R01024,False
BANK,B001204,R00740,False
BANK,B001205,R00513,False
BANK,B001206,R01263,False
BANK,B001207,R00165,False
BANK,B001208,R00027,False
BANK,B001209,R00884,False
BANK,B001210,R00552,False
BANK,B001211,R00333,False
BANK,B001212,R01079,False
BANK,B001213,R00100,False
BANK,B001214,R00604,False
BANK,B001215,R00089,False
BANK,B001216,R01096,False
BANK,B001217,R00083,False
BANK,B001218,R00815,False
BANK,B001219,R00481,False
BANK,B001220,R01039,False
BANK,B001221,R00610,False
BANK,B001222,R00588,False
BANK,B001223,R00581,False
BANK,B001224,R00301,False
BANK,B001225,R00037,False
BANK,B001226,R01015,False
BANK,B001227,R00432,False
BANK,B001228,R00544,False
BANK,B001229,R00387,False
BANK,B001230,R00649,False
BANK,B001231,R00864,False
BANK,B001232,R01085,False
BANK,B001233,R00962,False
BANK,B001234,R01125,False
BANK,B001235,R00092,False
BANK,B001236,R01499,False
BANK,B001237,R01092,False
BANK,B001238,R00589,False
BANK,B001239,R00855,False
BANK,B001240,R01124,False
BANK,B001241,R00018,False
BANK,B001242,R00360,False
BANK,B001243,R01143,False
BANK,B001244,R00774,False
BANK,B001245,R01023,False
BANK,B001246,R00458,False
BANK,B001247,R00722,False
BANK,B001248,R00512,False
BANK,B001249,R00867,False
BANK,B001250,R00476,False
BANK,B001251,R00296,False
BANK,B001252,R01162,False
BANK,B001253,R01246,False
BANK,B001254,R00559,False
BANK,B001255,R01149,False
BANK,B001256,R01126,False
BANK,B001257,R00231,False
BANK,B001258,R00150,False
BANK,B001259,R00881,False
BANK,B001260,R00145,False
BANK,B001261,R01041,False
BANK,B001262,R00667,False
BANK,B001263,R01157,False
BANK,B001264,R00642,False
BANK,B001265,R00124,False
BANK,B001266,R01309,False
BANK,B001267,R00779,False
BANK,B001268,R01418,False
BANK,B001269,R01313,False
BANK,B001270,R01464,False
BANK,B001271,R01006,False
BANK,B001272,R00834,False
BANK,B001273,R01400,False
BANK,B001274,R00036,False
BANK,B001275,R01346,False
BANK,B001276,R00005,False
BANK,B001277,R00491,False
BANK,B001278,R01485,False
BANK,B001279,R01407,False
BANK,B001280,R01213,False
BANK,B001281,R01022,False
BANK,B001282,R01324,False
BANK,B001283,R00426,False
BANK,B001284,R00920,False
BANK,B001285,R00395,False
BANK,B001286,R00503,False
BANK,B001287,R01279,False
BANK,B001288,R00828,False
BANK,B001289,R00557,False
BANK,B001290,R01370,False
BANK,B001291,R01200,False
BANK,B001292,R01244,False
BANK,B001293,R00374,False
BANK,B001294,R00903,False
BANK,B001295,R01323,False
BANK,B001296,R01003,False
BANK,B001297,R00811,False
BANK,B001298,R00516,False
BANK,B001299,R01140,False
BANK,B001300,R01374,False
BANK,B001301,R00780,False
BANK,B001302,R00361,False
BANK,B001303,R00363,False
BANK,B001304,R00034,False
BANK,B001305,R00739,False
BANK,B001306,R00564,False
BANK,B001307,R00303,False
BANK,B001308,R00578,False
BANK,B001309,R00388,False
BANK,B001310,R01383,False
BANK,B001311,R00827,False
BANK,B001312,R01388,False
BANK,B001313,R00047,False
BANK,B001314,R01470,False
BANK,B001315,R00357,False
BANK,B001316,R01303,False
BANK,B001317,R00094,False
BANK,B001318,R00842,False
BANK,B001319,R01205,False
BANK,B001320,R00839,False
BANK,B001321,R01427,False
BANK,B001322,R01153,False
BANK,B001323,R01314,False
BANK,B001324,R00591,False
BANK,B001325,R00344,False
BANK,B001326,R00201,False
BANK,B001327,R00178,False
BANK,B001328,R01286,False
BANK,B001329,R00066,False
BANK,B001330,R00219,False
BANK,B001331,R01036,False
BANK,B001332,R01107,False
BANK,B001333,R01389,False
BANK,B001334,R00526,False
BANK,B001335,R00641,False
BANK,B001336,R01080,False
BANK,B001337,R01102,False
BANK,B001338,R00323,False
BANK,B001339,R00942,False
BANK,B001340,R00060,False
BANK,B001341,R01261,False
BANK,B001342,R00451,False
BANK,B001343,R00714,False
BANK,B001344,R00152,False
BANK,B001345,R01353,False
BANK,B001346,R00732,False
BANK,B001347,R00528,False
BANK,B001348,R00529,False
BANK,B001349,R00668,False
BANK,B001350,R01005,False
BANK,B001351,R00803,False
BANK,B001352,R00585,False
BANK,B001353,R01169,False
BANK,B001354,R00968,False
BANK,B001355,R00381,False
BANK,B001356,R00679,False
BANK,B001357,R00861,False
BANK,B001358,R00721,False
BANK,B001359,R00753,False
BANK,B001360,R00763,False
BANK,B001361,R01272,False
BANK,B001362,R01442,False
BANK,B001363,R00498,False
BANK,B001364,R00469,False
BANK,B001365,R00408,False
BANK,B001366,R00420,False
BANK,B001367,R01066,False
BANK,B001368,R00490,False
BANK,B001369,R00692,False
BANK,B001370,R00263,False
BANK,B001371,R01181,False
BANK,B001372,R00347,False
BANK,B001373,R01142,False
BANK,B001374,R00576,False
BANK,B001375,R00023,False
BANK,B001376,R00437,False
BANK,B001377,R01446,False
BANK,B001378,R00318,False
BANK,B001379,R00180,False
BANK,B001380,R00948,False
BANK,B001381,R00080,False
BANK,B001382,R00964,False
BANK,B001383,R00285,False
BANK,B001384,R01420,False
BANK,B001385,R00382,False
BANK,B001386,R00693,False
BANK,B001387,R00570,False
BANK,B001388,R01108,False
BANK,B001389,R00935,False
BANK,B001390,R00925,False
BANK,B001391,R00762,False
BANK,B001392,R01222,False
BANK,B001393,R00199,False
BANK,B001394,R01053,False
BANK,B001395,R01376,False
BANK,B001396,R01447,False
BANK,B001397,R00339,False
BANK,B001398,R00450,False
BANK,B001399,R01294,False
BANK,B001400,R00750,False
BANK,B001401,R00292,False
BANK,B001402,R00670,False
BANK,B001403,R00514,False
BANK,B001404,R01439,False
BANK,B001405,R01375,False
BANK,B001406,R00683,False
BANK,B001407,R00998,False
BANK,B001408,R01082,False
BANK,B001409,R00194,False
BANK,B001410,R00648,False
BANK,B001411,R00273,False
BANK,B001412,R00775,False
BANK,B001413,R01268,False
BANK,B001414,R00447,False
BANK,B001415,R00682,False
BANK,B001416,R01225,False
BANK,B001417,R00946,False
BANK,B001418,R00440,False
BANK,B001419,R00207,False
BANK,B001420,R01368,False
BANK,B001421,R01232,False
BANK,B001422,R00045,False
BANK,B001423,R00063,False
BANK,B001424,R00336,False
BANK,B001425,R00958,False
BANK,B001426,R00796,False
BANK,B001427,R00403,False
BANK,B001428,R00608,False
BANK,B001429,R00852,False
BANK,B001430,R00465,False
BANK,B001431,R00502,False
BANK,B001432,R00416,False
BANK,B001433,R00860,False
BANK,B001434,R00354,False
BANK,B001435,R01209,False
BANK,B001436,R01242,False
BANK,B001437,R01197,False
BANK,B001438,R01202,False
BANK,B001439,R01456,False
BANK,B001440,R00011,False
BANK,B001441,R00893,False
BANK,B001442,R00913,False
BANK,B001443,R00771,False
BANK,B001444,R01227,False
BANK,B001445,R00554,False
BANK,B001446,R00324,False
BANK,B001447,R01392,False
BANK,B001448,R01474,False
BANK,B001449,R00850,False
BANK,B001450,R01245,False
BANK,B001451,R01249,False
BANK,B001452,R00593,False
BANK,B001453,R00140,False
BANK,B001454,R01380,False
BANK,B001455,R00809,False
BANK,B001456,R00160,False
BANK,B001457,R01421,False
BANK,B001458,R01335,False
BANK,B001459,R01345,False
BANK,B001460,R00346,False
BANK,B001461,R01168,False
BANK,B001462,R00355,False
BANK,B001463,R00144,False
BANK,B001464,R01055,False
BANK,B001465,R00264,False
BANK,B001466,R01087,False
BANK,B001467,R01081,False
BANK,B001468,R01116,False
BANK,B001469,R00690,False
BANK,B001470,R00819,False
BANK,B001471,R00400,False
SL,S000001,R00789,False
SL,S000002,R00302,False
SL,S000003,R01189,False
SL,S000004,R01174,False
SL,S000005,R00103,False
SL,S000006,R01487,False
SL,S000007,R01037,False
SL,S000008,R00900,False
SL,S000009,R00299,False
SL,S000010,R01365,False
SL,S000011,R00464,False
SL,S000012,R01179,False
SL,S000013,R00271,False
SL,S000014,R00169,False
SL,S000015,R00820,False
SL,S000016,R00380,False
SL,S000017,R01293,False
SL,S000018,R00574,False
SL,S000019,R01236,False
SL,S000020,R00706,False
SL,S000021,R01278,False
SL,S000022,R00844,False
SL,S000023,R01481,False
SL,S000024,R01069,False
SL,S000025,R00539,False
SL,S000026,R00845,False
SL,S000027,R00414,False
SL,S000028,R00137,False
SL,S000029,R00477,False
SL,S000030,R00888,False
SL,S000031,R00772,False
SL,S000032,R00453,False
SL,S000033,R01265,False
SL,S000034,R01166,False
SL,S000035,R00327,False
SL,S000036,R00561,False
SL,S000037,R01462,False
SL,S000038,R00816,False
SL,S000039,R01299,False
SL,S000040,R01408,False
SL,S000041,R00901,False
SL,S000042,R00232,False
SL,S000043,R00829,False
SL,S000044,R01398,False
SL,S000045,R01451,False
SL,S000046,R01120,False
SL,S000047,R01285,False
SL,S000048,R01492,False
SL,S000049,R00662,False
SL,S000050,R00428,False
SL,S000051,R00838,False
SL,S000052,R01269,False
SL,S000053,R00409,False
SL,S000054,R01109,False
SL,S000055,R00800,False
SL,S000056,R00969,False
SL,S000057,R01025,False
SL,S000058,R01469,False
SL,S000059,R01135,False
SL,S000060,R00618,False
SL,S000061,R00897,False
SL,S000062,R01445,False
SL,S000063,R00368,False
SL,S000064,R01239,False
SL,S000065,R00396,False
SL,S000066,R00249,False
SL,S000067,R01463,False
SL,S000068,R00116,False
SL,S000069,R00351,False
SL,S000070,R01452,False
SL,S000071,R00384,False
SL,S000072,R01350,False
SL,S000073,R00786,False
SL,S000074,R00573,False
SL,S000075,R00583,False
SL,S000076,R00055,False
SL,S000077,R01266,False
SL,S000078,R01018,False
SL,S000079,R00698,False
SL,S000080,R00857,False
SL,S000081,R01455,False
SL,S000082,R00044,False
SL,S000083,R00545,False
SL,S000084,R01021,False
SL,S000085,R00149,False
SL,S000086,R00869,False
SL,S000087,R00386,False
SL,S000088,R01020,False
SL,S000089,R00886,False
SL,S000090,R00843,False
SL,S000091,R01410,False
SL,S000092,R00146,False
SL,S000093,R00279,False
SL,S000094,R01360,False
SL,S000095,R00216,False
SL,S000096,R00517,False
SL,S000097,R00810,False
SL,S000098,R01095,False
SL,S000099,R01034,False
SL,S000100,R01098,False
SL,S000101,R01214,False
SL,S000102,R00438,False
SL,S000103,R00677,False
SL,S000104,R00847,False
SL,S000105,R00278,False
SL,S000106,R00006,False
SL,S000107,R01252,False
SL,S000108,R00035,False
SL,S000109,R00909,False
SL,S000110,R00541,False
SL,S000111,R00217,False
SL,S000112,R01255,False
SL,S000113,R01026,False
SL,S000114,R00580,False
SL,S000115,R00132,False
SL,S000116,R00976,False
SL,S000117,R00898,False
SL,S000118,R00245,False
SL,S000119,R00880,False
SL,S000120,R00752,False
SL,S000121,R00000,False
SL,S000122,R00807,False
SL,S000123,R00658,False
SL,S000124,R01361,False
SL,S000125,R00579,False
SL,S000126,R00459,False
SL,S000127,R00242,False
SL,S000128,R01327,False
SL,S000129,R00375,False
SL,S000130,R00068,False
SL,S000131,R00430,False
SL,S000132,R00195,False
SL,S000133,R00032,False
SL,S000134,R01121,False
SL,S000135,R00727,False
SL,S000136,R00890,False
SL,S000137,R01488,False
SL,S000138,R00321,False
SL,S000139,R01449,False
SL,S000140,R00309,False
SL,S000141,R00515,False
SL,S000142,R00694,False
SL,S000143,R00086,False
SL,S000144,R01054,False
SL,S000145,R00385,False
SL,S000146,R00170,False
SL,S000147,R00950,False
SL,S000148,R01215,False
SL,S000149,R01483,False
SL,S000150,R01019,False
SL,S000151,R00126,False
SL,S000152,R00817,False
SL,S000153,R01288,False
SL,S000154,R00171,False
SL,S000155,R00699,False
SL,S000156,R00725,False
SL,S000157,R00673,False
SL,S000158,R00582,False
SL,S000159,R00009,False
SL,S000160,R00723,False
SL,S000161,R00537,False
SL,S000162,R01465,False
SL,S000163,R00873,False
SL,S000164,R00587,False
SL,S000165,R00435,False
SL,S000166,R01435,False
SL,S000167,R01004,False
SL,S000168,R01271,False
SL,S000169,R00872,False
SL,S000170,R00947,False
SL,S000171,R01226,False
SL,S000172,R00681,False
SL,S000173,R01358,False
SL,S000174,R01049,False
SL,S000175,R00197,False
SL,S000176,R01320,False
SL,S000177,R00442,False
SL,S000178,R00017,False
SL,S000179,R00825,False
SL,S000180,R00119,False
SL,S000181,R00822,False
SL,S000182,R00862,False
SL,S000183,R01165,False
SL,S000184,R01341,False
SL,S000185,R00758,False
SL,S000186,R00312,False
SL,S000187,R00407,False
SL,S000188,R00117,False
SL,S000189,R00521,False
SL,S000190,R00099,False
SL,S000191,R00720,False
SL,S000192,R01089,False
SL,S000193,R00603,False
SL,S000194,R00479,False
SL,S000195,R00073,False
SL,S000196,R00257,False
SL,S000197,R00619,False
SL,S000198,R00220,False
SL,S000199,R00364,False
SL,S000200,R00496,False
SL,S000201,R00923,False
SL,S000202,R00782,False
SL,S000203,R00669,False
SL,S000204,R00461,False
SL,S000205,R00305,False
SL,S000206,R01342,False
SL,S000207,R01186,False
SL,S000208,R00328,False
SL,S000209,R00937,False
SL,S000210,R00704,False
SL,S000211,R00846,False
SL,S000212,R00944,False
SL,S000213,R00255,False
SL,S000214,R00945,False
SL,S000215,R01156,False
SL,S000216,R00535,False
SL,S000217,R00936,False
SL,S000218,R00500,False
SL,S000219,R01237,False
SL,S000220,R01045,False
SL,S000221,R01444,False
SL,S000222,R00057,False
SL,S000223,R01103,False
SL,S000224,R00413,False
SL,S000225,R00240,False
SL,S000226,R00456,False
SL,S000227,R01357,False
SL,S000228,R00749,False
SL,S000229,R01062,False
SL,S000230,R00974,False
SL,S000231,R00417,False
SL,S000232,R00532,False
SL,S000233,R00751,False
SL,S000234,R01192,False
SL,S000235,R00156,False
SL,S000236,R01077,False
SL,S000237,R00272,False
SL,S000238,R00527,False
SL,S000239,R01405,False
SL,S000240,R00833,False
SL,S000241,R00286,False
SL,S000242,R00181,False
SL,S000243,R00960,False
SL,S000244,R01486,False
SL,S000245,R00543,False
SL,S000246,R00531,False
SL,S000247,R01228,False
SL,S000248,R00022,False
SL,S000249,R00768,False
SL,S000250,R00261,False
SL,S000251,R01480,False
SL,S000252,R00356,False
SL,S000253,R00391,False
SL,S000254,R00167,False
SL,S000255,R00410,False
SL,S000256,R00684,False
SL,S000257,R01075,False
SL,S000258,R00186,False
SL,S000259,R00466,False
SL,S000260,R00702,False
SL,S000261,R00883,False
SL,S000262,R00349,False
SL,S000263,R01173,False
SL,S000264,R00040,False
SL,S000265,R01344,False
SL,S000266,R00051,False
SL,S000267,R01031,False
SL,S000268,R00837,False
SL,S000269,R00907,False
SL,S000270,R01432,False
SL,S000271,R00887,False
SL,S000272,R00660,False
SL,S000273,R00082,False
SL,S000274,R00634,False
SL,S000275,R00258,False
SL,S000276,R00542,False
SL,S000277,R00703,False
SL,S000278,R00177,False
SL,S000279,R00468,False
SL,S000280,R00389,False
SL,S000281,R00563,False
SL,S000282,R01084,False
SL,S000283,R00229,False
SL,S000284,R00071,False
SL,S000285,R00252,False
SL,S000286,R01112,False
SL,S000287,R00622,False
SL,S000288,R00522,False
SL,S000289,R01404,False
SL,S000290,R00760,False
SL,S000291,R00348,False
SL,S000292,R00250,False
SL,S000293,R01431,False
SL,S000294,R00911,False
SL,S000295,R00663,False
SL,S000296,R00397,False
SL,S000297,R00734,False
SL,S000298,R00634,True
SL,S000299,R01105,False
SL,S000300,R01363,False
SL,S000301,R00652,False
SL,S000302,R00338,False
SL,S000303,R00101,False
SL,S000304,R01114,False
SL,S000305,R01325,False
SL,S000306,R01177,False
SL,S000307,R00963,False
SL,S000308,R00008,False
SL,S000309,R01256,False
SL,S000310,R00963,True
SL,S000311,R00411,False
SL,S000312,R00636,False
SL,S000313,R00992,False
SL,S000314,R00625,False
SL,S000315,R01287,False
SL,S000316,R00077,False
SL,S000317,R00902,False
SL,S000318,R01385,False
SL,S000319,R00425,False
SL,S000320,R01394,False
SL,S000321,R01473,False
SL,S000322,R00975,False
SL,S000323,R00871,False
SL,S000324,R00362,False
SL,S000325,R01071,False
SL,S000326,R00485,False
SL,S000327,R00592,False
SL,S000328,R00326,False
SL,S000329,R01111,False
SL,S000330,R00565,False
SL,S000331,R00223,False
SL,S000332,R00314,False
SL,S000333,R00507,False
SL,S000334,R01478,False
SL,S000335,R00147,False
SL,S000336,R00031,False
SL,S000337,R00509,False
SL,S000338,R00141,False
SL,S000339,R01012,False
SL,S000340,R01290,False
SL,S000341,R01307,False
SL,S000342,R00188,False
SL,S000343,R01106,False
SL,S000344,R01264,False
SL,S000345,R00566,False
SL,S000346,R00853,False
SL,S000347,R01306,False
SL,S000348,R00830,False
SL,S000349,R00325,False
SL,S000350,R00096,False
SL,S000351,R01250,False
SL,S000352,R01123,False
SL,S000353,R00383,False
SL,S000354,R01046,False
SL,S000355,R00616,False
SL,S000356,R01453,False
SL,S000357,R00118,False
SL,S000358,R00924,False
SL,S000359,R01354,False
SL,S000360,R00695,False
SL,S000361,R00567,False
SL,S000362,R00831,False
SL,S000363,R00889,False
SL,S000364,R00988,False
SL,S000365,R01424,False
SL,S000366,R00345,False
SL,S000367,R00932,False
SL,S000368,R01178,False
SL,S000369,R00918,False
SL,S000370,R00215,False
SL,S000371,R01401,False
SL,S000372,R00482,False
SL,S000373,R00291,False
SL,S000374,R00718,False
SL,S000375,R00856,False
SL,S000376,R01321,False
SL,S000377,R01296,False
SL,S000378,R01260,False
SL,S000379,R00142,False
SL,S000380,R01191,False
SL,S000381,R00313,False
SL,S000382,R00949,False
SL,S000383,R00743,False
SL,S000384,R01490,False
SL,S000385,R00210,False
SL,S000386,R01428,False
SL,S000387,R01010,False
SL,S000388,R00298,False
SL,S000389,R01122,False
SL,S000390,R00449,False
SL,S000391,R00110,False
SL,S000392,R00572,False
SL,S000393,R00280,False
SL,S000394,R01412,False
SL,S000395,R00151,False
SL,S000396,R00533,False
SL,S000397,R01027,False
SL,S000398,R00504,False
SL,S000399,R00270,False
SL,S000400,R00038,False
SL,S000401,R00262,False
SL,S000402,R00970,False
SL,S000403,R00208,False
SL,S000404,R00398,False
SL,S000405,R00480,False
SL,S000406,R01399,False
SL,S000407,R00778,False
SL,S000408,R00508,False
SL,S000409,R00637,False
SL,S000410,R01482,False
SL,S000411,R00379,False
SL,S000412,R00352,False
SL,S000413,R00813,False
SL,S000414,R01381,False
SL,S000415,R00617,False
SL,S000416,R01458,False
SL,S000417,R00854,False
SL,S000418,R00927,False
SL,S000419,R01409,False
SL,S000420,R00659,False
SL,S000421,R01113,False
SL,S000422,R01315,False
SL,S000423,R01185,False
SL,S000424,R00951,False
SL,S000425,R00189,False
SL,S000426,R00205,False
SL,S000427,R01229,False
SL,S000428,R00418,False
SL,S000429,R00494,False
SL,S000430,R00095,False
SL,S000431,R00238,False
SL,S000432,R01208,False
SL,S000433,R00747,False
SL,S000434,R01337,False
SL,S000435,R00748,False
SL,S000436,R00341,False
SL,S000437,R00446,False
SL,S000438,R00399,False
SL,S000439,R00840,False
SL,S000440,R00524,False
SL,S000441,R00225,False
SL,S000442,R00135,False
SL,S000443,R01033,False
SL,S000444,R01390,False
SL,S000445,R01154,False
SL,S000446,R00087,False
SL,S000447,R00987,False
SL,S000448,R00412,False
SL,S000449,R01402,False
SL,S000450,R00801,False
SL,S000451,R00153,False
SL,S000452,R01238,False
SL,S000453,R01438,False
SL,S000454,R00402,False
SL,S000455,R00306,False
SL,S000456,R00795,False
SL,S000457,R01387,False
SL,S000458,R00553,False
SL,S000459,R00308,False
SL,S000460,R01366,False
SL,S000461,R00367,False
SL,S000462,R00168,False
SL,S000463,R01013,False
SL,S000464,R01029,False
SL,S000465,R00076,False
SL,S000466,R00594,False
SL,S000467,R00065,False
SL,S000468,R01104,False
SL,S000469,R00370,False
SL,S000470,R00606,False
SL,S000471,R00798,False
SL,S000472,R00525,False
SL,S000473,R00320,False
SL,S000474,R01059,False
SL,S000475,R01450,False
SL,S000476,R01176,False
SL,S000477,R01094,False
SL,S000478,R00441,False
SL,S000479,R00967,False
SL,S000480,R01144,False
SL,S000481,R01406,False
SL,S000482,R00198,False
SL,S000483,R01475,False
SL,S000484,R01068,False
SL,S000485,R01356,False
SL,S000486,R00267,False
SL,S000487,R01382,False
SL,S000488,R01493,False
SL,S000489,R00253,False
SL,S000490,R00332,False
SL,S000491,R00337,False
SL,S000492,R00166,False
SL,S000493,R01461,False
SL,S000494,R01403,False
SL,S000495,R00043,False
SL,S000496,R01362,False
SL,S000497,R01311,False
SL,S000498,R00520,False
SL,S000499,R01159,False
SL,S000500,R00193,False
SL,S000501,R01434,False
SL,S000502,R00631,False
SL,S000503,R01235,False
SL,S000504,R01248,False
SL,S000505,R00764,False
SL,S000506,R00645,False
SL,S000507,R00138,False
SL,S000508,R00196,False
SL,S000509,R00737,False
SL,S000510,R00629,False
SL,S000511,R00062,False
SL,S000512,R01270,False
SL,S000513,R00627,False
SL,S000514,R00575,False
SL,S000515,R00200,False
SL,S000516,R00997,False
SL,S000517,R01371,False
SL,S000518,R00373,False
SL,S000519,R00990,False
SL,S000520,R01150,False
SL,S000521,R00486,False
SL,S000522,R00497,False
SL,S000523,R01141,False
SL,S000524,R00293,False
SL,S000525,R01329,False
SL,S000526,R00052,False
SL,S000527,R00633,False
SL,S000528,R01359,False
SL,S000529,R01267,False
SL,S000530,R01137,False
SL,S000531,R00067,False
SL,S000532,R00745,False
SL,S000533,R00613,False
SL,S000534,R00331,False
SL,S000535,R00978,False
SL,S000536,R01043,False
SL,S000537,R01051,False
SL,S000538,R00187,False
SL,S000539,R01175,False
SL,S000540,R01158,False
SL,S000541,R00757,False
SL,S000542,R00300,False
SL,S000543,R00626,False
SL,S000544,R00378,False
SL,S000545,R00808,False
SL,S000546,R00021,False
SL,S000547,R01284,False
SL,S000548,R01065,False
SL,S000549,R01319,False
SL,S000550,R01477,False
SL,S000551,R01016,False
SL,S000552,R00392,False
SL,S000553,R01172,False
SL,S000554,R00908,False
SL,S000555,R00093,False
SL,S000556,R01494,False
SL,S000557,R01467,False
SL,S000558,R00769,False
SL,S000559,R00961,False
SL,S000560,R01384,False
SL,S000561,R00686,False
SL,S000562,R01130,False
SL,S000563,R00941,False
SL,S000564,R01282,False
SL,S000565,R01093,False
SL,S000566,R00163,False
SL,S000567,R00026,False
SL,S000568,R00956,False
SL,S000569,R00776,False
SL,S000570,R00372,False
SL,S000571,R00424,False
SL,S000572,R01078,False
SL,S000573,R01351,False
SL,S000574,R00912,False
SL,S000575,R00164,False
SL,S000576,R01301,False
SL,S000577,R00143,False
SL,S000578,R00584,False
SL,S000579,R01479,False
SL,S000580,R01224,False
SL,S000581,R00439,False
SL,S000582,R00162,False
SL,S000583,R00906,False
SL,S000584,R00463,False
SL,S000585,R01339,False
SL,S000586,R00971,False
SL,S000587,R01251,False
SL,S000588,R00551,False
SL,S000589,R00154,False
SL,S000590,R00571,False
SL,S000591,R01184,False
SL,S000592,R00499,False
SL,S000593,R01042,False
SL,S000594,R00237,False
SL,S000595,R00064,False
SL,S000596,R00632,False
SL,S000597,R01332,False
SL,S000598,R00495,False
SL,S000599,R00139,False
SL,S000600,R00959,False
SL,S000601,R01484,False
SL,S000602,R01152,False
SL,S000603,R00434,False
SL,S000604,R00623,False
SL,S000605,R00472,False
SL,S000606,R01436,False
SL,S000607,R00993,False
SL,S000608,R01099,False
SL,S000609,R01190,False
SL,S000610,R00406,False
SL,S000611,R01167,False
SL,S000612,R01058,False
SL,S000613,R00046,False
SL,S000614,R01219,False
SL,S000615,R00213,False
SL,S000616,R00620,False
SL,S000617,R00004,False
SL,S000618,R00353,False
SL,S000619,R00081,False
SL,S000620,R00928,False
SL,S000621,R01330,False
SL,S000622,R00003,False
SL,S000623,R00731,False
SL,S000624,R00247,False
SL,S000625,R00284,False
SL,S000626,R00953,False
SL,S000627,R00266,False
SL,S000628,R00934,False
SL,S000629,R00029,False
SL,S000630,R00794,False
SL,S000631,R00090,False
SL,S000632,R00218,False
SL,S000633,R01091,False
SL,S000634,R01373,False
SL,S000635,R01038,False
SL,S000636,R01367,False
SL,S000637,R00185,False
SL,S000638,R01262,False
SL,S000639,R00791,False
SL,S000640,R00204,False
SL,S000641,R00870,False
SL,S000642,R00799,False
SL,S000643,R00904,False
SL,S000644,R00030,False
SL,S000645,R01308,False
SL,S000646,R00221,False
SL,S000647,R01056,False
SL,S000648,R00120,False
SL,S000649,R01417,False
SL,S000650,R00274,False
SL,S000651,R01183,False
SL,S000652,R01318,False
SL,S000653,R00922,False
SL,S000654,R00546,False
SL,S000655,R00019,False
SL,S000656,R00915,False
SL,S000657,R00882,False
SL,S000658,R00297,False
SL,S000659,R01443,False
SL,S000660,R00108,False
SL,S000661,R00868,False
SL,S000662,R00755,False
SL,S000663,R01074,False
SL,S000664,R00072,False
SL,S000665,R00688,False
SL,S000666,R00943,False
SL,S000667,R00536,False
SL,S000668,R00230,False
SL,S000669,R00366,False
SL,S000670,R00289,False
SL,S000671,R00123,False
SL,S000672,R00709,False
SL,S000673,R00973,False
SL,S000674,R00113,False
SL,S000675,R00938,False
SL,S000676,R01100,False
SL,S000677,R00621,False
SL,S000678,R00276,False
SL,S000679,R00611,False
SL,S000680,R00518,False
SL,S000681,R00281,False
SL,S000682,R01498,False
SL,S000683,R00505,False
SL,S000684,R00784,False
SL,S000685,R01212,False
SL,S000686,R00069,False
SL,S000687,R00832,False
SL,S000688,R01430,False
SL,S000689,R01292,False
SL,S000690,R00334,False
SL,S000691,R00646,False
SL,S000692,R01145,False
SL,S000693,R01101,False
SL,S000694,R01457,False
SL,S000695,R01247,False
SL,S000696,R00562,False
SL,S000697,R01491,False
SL,S000698,R00643,False
SL,S000699,R00728,False
SL,S000700,R01161,False
SL,S000701,R00473,False
SL,S000702,R00175,False
SL,S000703,R00767,False
SL,S000704,R00717,False
SL,S000705,R00484,False
SL,S000706,R00053,False
SL,S000707,R01115,False
SL,S000708,R00797,False
SL,S000709,R01201,False
SL,S000710,R00708,False
SL,S000711,R00182,False
SL,S000712,R00555,False
SL,S000713,R01476,False
SL,S000714,R01243,False
SL,S000715,R01052,False
SL,S000716,R00283,False
SL,S000717,R00650,False
SL,S000718,R01007,False
SL,S000719,R01119,False
SL,S000720,R00251,False
SL,S000721,R01030,False
SL,S000722,R00184,False
SL,S000723,R01017,False
SL,S000724,R00939,False
SL,S000725,R00202,False
SL,S000726,R00443,False
SL,S000727,R00452,False
SL,S000728,R00075,False
SL,S000729,R00628,False
SL,S000730,R00405,False
SL,S000731,R01459,False
SL,S000732,R00419,False
SL,S000733,R00365,False
SL,S000734,R00158,False
SL,S000735,R00700,False
SL,S000736,R01352,False
SL,S000737,R00607,False
SL,S000738,R01216,False
SL,S000739,R00275,False
SL,S000740,R01240,False
SL,S000741,R00896,False
SL,S000742,R00666,False
SL,S000743,R00016,False
SL,S000744,R01378,False
SL,S000745,R00114,False
SL,S000746,R00343,False
SL,S000747,R00234,False
SL,S000748,R01295,False
SL,S000749,R00020,False
SL,S000750,R01419,False
SL,S000751,R00972,False
SL,S000752,R01489,False
SL,S000753,R00448,False
SL,S000754,R00716,False
SL,S000755,R00404,False
SL,S000756,R00711,False
SL,S000757,R00054,False
SL,S000758,R01009,False
SL,S000759,R01310,False
SL,S000760,R00999,False
SL,S000761,R00678,False
SL,S000762,R01014,False
SL,S000763,R00996,False
SL,S000764,R01163,False
SL,S000765,R01391,False
SL,S000766,R00560,False
SL,S000767,R00295,False
SL,S000768,R00875,False
SL,S000769,R01441,False
SL,S000770,R01206,False
SL,S000771,R01355,False
SL,S000772,R00655,False
SL,S000773,R01146,False
SL,S000774,R00179,False
SL,S000775,R00350,False
SL,S000776,R00994,False
SL,S000777,R01151,False
SL,S000778,R00892,False
SL,S000779,R00538,False
SL,S000780,R01334,False
SL,S000781,R00746,False
SL,S000782,R00010,False
SL,S000783,R00916,False
SL,S000784,R00605,False
SL,S000785,R01050,False
SL,S000786,R01090,False
SL,S000787,R00802,False
SL,S000788,R00288,False
SL,S000789,R00930,False
SL,S000790,R01298,False
SL,S000791,R00878,False
SL,S000792,R00304,False
SL,S000793,R00487,False
SL,S000794,R00548,False
SL,S000795,R01164,False
SL,S000796,R00991,False
SL,S000797,R00133,False
SL,S000798,R01073,False
SL,S000799,R00761,False
SL,S000800,R00788,False
SL,S000801,R00033,False
SL,S000802,R00294,False
SL,S000803,R00028,False
SL,S000804,R00228,False
SL,S000805,R00806,False
SL,S000806,R00112,False
SL,S000807,R00876,False
SL,S000808,R01340,False
SL,S000809,R01433,False
SL,S000810,R00577,False
SL,S000811,R00926,False
SL,S000812,R01194,False
SL,S000813,R00982,False
SL,S000814,R01139,False
SL,S000815,R00056,False
SL,S000816,R01454,False
SL,S000817,R00754,False
SL,S000818,R00307,False
SL,S000819,R00921,False
SL,S000820,R01258,False
SL,S000821,R00131,False
SL,S000822,R01379,False
SL,S000823,R00707,False
SL,S000824,R00654,False
SL,S000825,R00125,False
SL,S000826,R01343,False
SL,S000827,R00506,False
SL,S000828,R01496,False
SL,S000829,R01322,False
SL,S000830,R01257,False
SL,S000831,R01188,False
SL,S000832,R00455,False
SL,S000833,R01002,False
SL,S000834,R01364,False
SL,S000835,R01386,False
SL,S000836,R00647,False
SL,S000837,R00130,False
SL,S000838,R00157,False
SL,S000839,R01128,False
SL,S000840,R00115,False
SL,S000841,R00128,False
SL,S000842,R01083,False
SL,S000843,R00436,False
SL,S000844,R00423,False
SL,S000845,R00329,False
SL,S000846,R00078,False
SL,S000847,R00287,False
SL,S000848,R00569,False
SL,S000849,R00977,False
SL,S000850,R00705,False
SL,S000851,R00330,False
SL,S000852,R00259,False
SL,S000853,R00676,False
SL,S000854,R00241,False
SL,S000855,R00265,False
SL,S000856,R01187,False
SL,S000857,R00979,False
SL,S000858,R01160,False
SL,S000859,R01221,False
SL,S000860,R01028,False
SL,S000861,R01155,False
SL,S000862,R00914,False
SL,S000863,R01422,False
SL,S000864,R00227,False
SL,S000865,R01395,False
SL,S000866,R00268,False
SL,S000867,R00530,False
SL,S000868,R00596,False
SL,S000869,R00519,False
SL,S000870,R00687,False
SL,S000871,R00697,False
SL,S000872,R00192,False
SL,S000873,R00624,False
SL,S000874,R00929,False
SL,S000875,R01304,False
SL,S000876,R00984,False
SL,S000877,R00980,False
SL,S000878,R00534,False
SL,S000879,R00895,False
SL,S000880,R00965,False
SL,S000881,R00493,False
SL,S000882,R00467,False
SL,S000883,R00393,False
SL,S000884,R00664,False
SL,S000885,R01199,False
SL,S000886,R01134,False
SL,S000887,R00719,False
SL,S000888,R00785,False
SL,S000889,R00674,False
SL,S000890,R00966,False
SL,S000891,R01047,False
SL,S000892,R01416,False
SL,S000893,R00547,False
SL,S000894,R00879,False
SL,S000895,R00672,False
SL,S000896,R00489,False
SL,S000897,R00340,False
SL,S000898,R00766,False
SL,S000899,R00454,False
SL,S000900,R00039,False
SL,S000901,R00269,False
SL,S000902,R01110,False
SL,S000903,R00849,False
SL,S000904,R00239,False
SL,S000905,R00598,False
SL,S000906,R01466,False
SL,S000907,R01195,False
SL,S000908,R00244,False
SL,S000909,R00986,False
SL,S000910,R01180,False
SL,S000911,R00701,False
SL,S000912,R00474,False
SL,S000913,R01349,False
SL,S000914,R00600,False
SL,S000915,R00995,False
SL,S000916,R00955,False
SL,S000917,R00781,False
SL,S000918,R00322,False
SL,S000919,R01317,False
SL,S000920,R00457,False
SL,S000921,R01171,False
SL,S000922,R01396,False
SL,S000923,R00568,False
SL,S000924,R01220,False
SL,S000925,R01234,False
SL,S000926,R00136,False
SL,S000927,R01129,False
SL,S000928,R01336,False
SL,S000929,R00933,False
SL,S000930,R00919,False
SL,S000931,R00824,False
SL,S000932,R01254,False
SL,S000933,R00129,False
SL,S000934,R00615,False
SL,S000935,R01170,False
SL,S000936,R00025,False
SL,S000937,R00671,False
SL,S000938,R00657,False
SL,S000939,R00983,False
SL,S000940,R00254,False
SL,S000941,R00952,False
SL,S000942,R00770,False
SL,S000943,R01369,False
SL,S000944,R00985,False
SL,S000945,R00371,False
SL,S000946,R00098,False
SL,S000947,R00122,False
SL,S000948,R00084,False
SL,S000949,R01088,False
SL,S000950,R01204,False
SL,S000951,R00599,False
SL,S000952,R00243,False
SL,S000953,R00342,False
SL,S000954,R00841,False
SL,S000955,R00501,False
SL,S000956,R00957,False
SL,S000957,R01210,False
SL,S000958,R01437,False
SL,S000959,R01276,False
SL,S000960,R01067,False
SL,S000961,R01223,False
SL,S000962,R00445,False
SL,S000963,R01048,False
SL,S000964,R00155,False
SL,S000965,R00310,False
SL,S000966,R01131,False
SL,S000967,R00478,False
SL,S000968,R00282,False
SL,S000969,R00191,False
SL,S000970,R00236,False
SL,S000971,R01127,False
SL,S000972,R01397,False
SL,S000973,R00121,False
SL,S000974,R00818,False
SL,S000975,R00651,False
SL,S000976,R00821,False
SL,S000977,R00074,False
SL,S000978,R01423,False
SL,S000979,R00858,False
SL,S000980,R00097,False
SL,S000981,R01297,False
SL,S000982,R00812,False
SL,S000983,R00735,False
SL,S000984,R01328,False
SL,S000985,R00079,False
SL,S000986,R00315,False
SL,S000987,R00549,False
SL,S000988,R00002,False
SL,S000989,R00729,False
SL,S000990,R00640,False
SL,S000991,R00183,False
SL,S000992,R00048,False
SL,S000993,R00059,False
SL,S000994,R00823,False
SL,S000995,R00586,False
SL,S000996,R01070,False
SL,S000997,R01326,False
SL,S000998,R01182,False
SL,S000999,R00311,False
SL,S001000,R01426,False
SL,S001001,R00161,False
SL,S001002,R01471,False
SL,S001003,R00415,False
SL,S001004,R01305,False
SL,S001005,R00826,False
SL,S001006,R00710,False
SL,S001007,R00931,False
SL,S001008,R00614,False
SL,S001009,R01148,False
SL,S001010,R01302,False
SL,S001011,R00256,False
SL,S001012,R01076,False
SL,S001013,R00107,False
SL,S001014,R01063,False
SL,S001015,R00981,False
SL,S001016,R00787,False
SL,S001017,R00874,False
SL,S001018,R01273,False
SL,S001019,R00635,False
SL,S001020,R01040,False
SL,S001021,R00203,False
SL,S001022,R00865,False
SL,S001023,R00235,False
SL,S001024,R00394,False
SL,S001025,R00726,False
SL,S001026,R00014,False
SL,S001027,R00224,False
SL,S001028,R00792,False
SL,S001029,R01196,False
SL,S001030,R01347,False
SL,S001031,R00174,False
SL,S001032,R00940,False
SL,S001033,R00007,False
SL,S001034,R01118,False
SL,S001035,R00190,False
SL,S001036,R00696,False
SL,S001037,R00540,False
SL,S001038,R00211,False
SL,S001039,R00905,False
SL,S001040,R00421,False
SL,S001041,R01193,False
SL,S001042,R01331,False
SL,S001043,R00176,False
SL,S001044,R00085,False
SL,S001045,R01061,False
SL,S001046,R00109,False
SL,S001047,R00773,False
SL,S001048,R01207,False
SL,S001049,R00173,False
SL,S001050,R00376,False
SL,S001051,R01008,False
SL,S001052,R00885,False
SL,S001053,R00665,False
SL,S001054,R00630,False
SL,S001055,R01044,False
SL,S001056,R00012,False
SL,S001057,R00680,False
SL,S001058,R01275,False
SL,S001059,R01217,False
SL,S001060,R00460,False
SL,S001061,R00891,False
SL,S001062,R00431,False
SL,S001063,R01136,False
SL,S001064,R00429,False
SL,S001065,R00470,False
SL,S001066,R00738,False
SL,S001067,R01231,False
SL,S001068,R00661,False
SL,S001069,R01032,False
SL,S001070,R01316,False
SL,S001071,R01348,False
SL,S001072,R00736,False
SL,S001073,R00214,False
SL,S001074,R00359,False
SL,S001075,R01280,False
SL,S001076,R00042,False
SL,S001077,R00885,True
SL,S001078,R00730,False
SL,S001079,R00058,False
SL,S001080,R00675,False
SL,S001081,R01448,False
SL,S001082,R00222,False
SL,S001083,R00894,False
SL,S001084,R00712,False
SL,S001085,R00390,False
SL,S001086,R00556,False
SL,S001087,R01138,False
SL,S001088,R00377,False
SL,S001089,R00246,False
SL,S001090,R01203,False
SL,S001091,R00061,False
SL,S001092,R00316,False
SL,S001093,R01281,False
SL,S001094,R01280,True
SL,S001095,R01233,False
SL,S001096,R00756,False
SL,S001097,R00511,False
SL,S001098,R00462,False
SL,S001099,R00317,False
SL,S001100,R01001,False
SL,S001101,R00369,False
SL,S001102,R00492,False
SL,S001103,R00759,False
SL,S001104,R00001,False
SL,S001105,R01377,False
SL,S001106,R00804,False
SL,S001107,R00233,False
SL,S001108,R01133,False
SL,S001109,R00172,False
SL,S001110,R00910,False
SL,S001111,R01277,False
SL,S001112,R01064,False
SL,S001113,R00877,False
SL,S001114,R00206,False
SL,S001115,R00644,False
SL,S001116,R00601,False
SL,S001117,R00088,False
SL,S001118,R00863,False
SL,S001119,R00127,False
SL,S001120,R00401,False
SL,S001121,R00319,False
SL,S001122,R01057,False
SL,S001123,R01072,False
SL,S001124,R00741,False
SL,S001125,R00475,False
SL,S001126,R01035,False
SL,S001127,R01440,False
SL,S001128,R00656,False
SL,S001129,R01300,False
SL,S001130,R01097,False
SL,S001131,R00049,False
SL,S001132,R01393,False
SL,S001133,R00013,False
SL,S001134,R01338,False
SL,S001135,R00713,False
SL,S001136,R00106,False
SL,S001137,R00612,False
SL,S001138,R00248,False
SL,S001139,R01274,False
SL,S001140,R00602,False
SL,S001141,R00422,False
SL,S001142,R00024,False
SL,S001143,R01497,False
SL,S001144,R00733,False
SL,S001145,R00209,False
SL,S001146,R01429,False
SL,S001147,R01147,False
SL,S001148,R01060,False
SL,S001149,R00835,False
SL,S001150,R01253,False
SL,S001151,R00104,False
SL,S001152,R00724,False
SL,S001153,R00277,False
SL,S001154,R01415,False
SL,S001155,R00105,False
SL,S001156,R00691,False
SL,S001157,R00159,False
SL,S001158,R00041,False
SL,S001159,R00954,False
SL,S001160,R00744,False
SL,S001161,R01241,False
SL,S001162,R00050,False
SL,S001163,R00765,False
SL,S001164,R00836,False
SL,S001165,R00689,False
SL,S001166,R00290,False
SL,S001167,R01259,False
SL,S001168,R01333,False
SL,S001169,R00483,False
SL,S001170,R00102,False
SL,S001171,R01460,False
SL,S001172,R01011,False
SL,S001173,R00212,False
SL,S001174,R01211,False
SL,S001175,R00597,False
SL,S001176,R00989,False
SL,S001177,R00814,False
SL,S001178,R00488,False
SL,S001179,R01312,False
SL,S001180,R00715,False
SL,S001181,R00805,False
SL,S001182,R00091,False
SL,S001183,R00917,False
SL,S001184,R00595,False
SL,S001185,R01283,False
SL,S001186,R00851,False
SL,S001187,R01000,False
SL,S001188,R00070,False
SL,S001189,R00260,False
SL,S001190,R01425,False
SL,S001191,R01468,False
SL,S001192,R00027,False
SL,S001193,R00685,False
SL,S001194,R00550,False
SL,S001195,R00523,False
SL,S001196,R01230,False
SL,S001197,R00226,False
SL,S001198,R00015,False
SL,S001199,R00111,False
SL,S001200,R01218,False
SL,S001201,R01086,False
SL,S001202,R00653,False
SL,S001203,R00165,False
SL,S001204,R01413,False
SL,S001205,R00513,False
SL,S001206,R00387,False
SL,S001207,R01039,False
SL,S001208,R00866,False
SL,S001209,R00558,False
SL,S001210,R00471,False
SL,S001211,R00089,False
SL,S001212,R00638,False
SL,S001213,R00432,False
SL,S001214,R00335,False
SL,S001215,R00552,False
SL,S001216,R01024,False
SL,S001217,R00588,False
SL,S001218,R01263,False
SL,S001219,R01132,False
SL,S001220,R01015,False
SL,S001221,R01124,False
SL,S001222,R00884,False
SL,S001223,R00481,False
SL,S001224,R00740,False
SL,S001225,R00590,False
SL,S001226,R00037,False
SL,S001227,R00301,False
SL,S001228,R00092,False
SL,S001229,R00360,False
SL,S001230,R00855,False
SL,S001231,R00589,False
SL,S001232,R00581,False
SL,S001233,R00604,False
SL,S001234,R00610,False
SL,S001235,R00148,False
SL,S001236,R00848,False
SL,S001237,R00866,True
SL,S001238,R00458,False
SL,S001239,R00649,False
SL,S001240,R01143,False
SL,S001241,R01023,False
SL,S001242,R00512,False
SL,S001243,R01499,False
SL,S001244,R00859,False
SL,S001245,R01198,False
SL,S001246,R00427,False
SL,S001247,R01125,False
SL,S001248,R00722,False
SL,S001249,R00834,False
SL,S001250,R01246,False
SL,S001251,R01149,False
SL,S001252,R00124,False
SL,S001253,R01464,False
SL,S001254,R01092,False
SL,S001255,R00145,False
SL,S001256,R01418,False
SL,S001257,R01079,False
SL,S001258,R00083,False
SL,S001259,R01400,False
SL,S001260,R00815,False
SL,S001261,R00333,False
SL,S001262,R00231,False
SL,S001263,R00559,False
SL,S001264,R01006,False
SL,S001265,R00100,False
SL,S001266,R01313,False
SL,S001267,R01126,False
SL,S001268,R00864,False
SL,S001269,R00609,False
SL,S001270,R00962,False
SL,S001271,R01157,False
SL,S001272,R00296,False
SL,S001273,R01291,False
SL,S001274,R00642,False
SL,S001275,R01022,False
SL,S001276,R00881,False
SL,S001277,R00036,False
SL,S001278,R01085,False
SL,S001279,R00867,False
SL,S001280,R01324,False
SL,S001281,R00476,False
SL,S001282,R01096,False
SL,S001283,R01041,False
SL,S001284,R00667,False
SL,S001285,R00018,False
SL,S001286,R00395,False
SL,S001287,R01370,False
SL,S001288,R01323,False
SL,S001289,R00828,False
SL,S001290,R01279,False
SL,S001291,R00774,False
SL,S001292,R00557,False
SL,S001293,R00374,False
SL,S001294,R01346,False
SL,S001295,R01407,False
SL,S001296,R00920,False
SL,S001297,R00780,False
SL,S001298,R00903,False
SL,S001299,R01200,False
SL,S001300,R00491,False
SL,S001301,R01140,False
SL,S001302,R00361,False
SL,S001303,R00094,False
SL,S001304,R00150,False
SL,S001305,R00779,False
SL,S001306,R00564,False
SL,S001307,R00303,False
SL,S001308,R00426,False
SL,S001309,R00047,False
SL,S001310,R01485,False
SL,S001311,R00503,False
SL,S001312,R01213,False
SL,S001313,R00034,False
SL,S001314,R01003,False
SL,S001315,R00005,False
SL,S001316,R01309,False
SL,S001317,R00578,False
SL,S001318,R01303,False
SL,S001319,R00827,False
SL,S001320,R01244,False
SL,S001321,R00066,False
SL,S001322,R01383,False
SL,S001323,R00388,False
SL,S001324,R01153,False
SL,S001325,R00739,False
SL,S001326,R00357,False
SL,S001327,R01470,False
SL,S001328,R00363,False
SL,S001329,R01427,False
SL,S001330,R00529,False
SL,S001331,R01314,False
SL,S001332,R00942,False
SL,S001333,R01389,False
SL,S001334,R00516,False
SL,S001335,R01374,False
SL,S001336,R01169,False
SL,S001337,R00526,False
SL,S001338,R00178,False
SL,S001339,R01286,False
SL,S001340,R00219,False
SL,S001341,R01388,False
SL,S001342,R00668,False
SL,S001343,R01205,False
SL,S001344,R00839,False
SL,S001345,R00811,False
SL,S001346,R01107,False
SL,S001347,R00585,False
SL,S001348,R00263,False
SL,S001349,R00803,False
SL,S001350,R00152,False
SL,S001351,R00469,False
SL,S001352,R00591,False
SL,S001353,R01374,True
SL,S001354,R00714,False
SL,S001355,R00323,False
SL,S001356,R01102,False
SL,S001357,R00347,False
SL,S001358,R01142,False
SL,S001359,R00023,False
SL,S001360,R01066,False
SL,S001361,R00381,False
SL,S001362,R00968,False
SL,S001363,R00060,False
SL,S001364,R01181,False
SL,S001365,R00763,False
SL,S001366,R00753,False
SL,S001367,R00732,False
SL,S001368,R00201,False
SL,S001369,R00576,False
SL,S001370,R00420,False
SL,S001371,R00693,False
SL,S001372,R01080,False
SL,S001373,R00285,False
SL,S001374,R00180,False
SL,S001375,R00861,False
SL,S001376,R00692,False
SL,S001377,R00528,False
SL,S001378,R01005,False
SL,S001379,R01036,False
SL,S001380,R00964,False
SL,S001381,R00935,False
SL,S001382,R01446,False
SL,S001383,R00948,False
SL,S001384,R00382,False
SL,S001385,R00842,False
SL,S001386,R00344,False
SL,S001387,R00437,False
SL,S001388,R00641,False
SL,S001389,R00199,False
SL,S001390,R01442,False
SL,S001391,R00451,False
SL,S001392,R01375,False
SL,S001393,R01353,False
SL,S001394,R01420,False
SL,S001395,R00721,False
SL,S001396,R00080,False
SL,S001397,R00679,False
SL,S001398,R00639,False
SL,S001399,R01108,False
SL,S001400,R00318,False
SL,S001401,R00683,False
SL,S001402,R00498,False
SL,S001403,R00194,False
SL,S001404,R00408,False
SL,S001405,R01261,False
SL,S001406,R00273,False
SL,S001407,R00998,False
SL,S001408,R00403,False
SL,S001409,R00570,False
SL,S001410,R01268,False
SL,S001411,R00648,False
SL,S001412,R00796,False
SL,S001413,R01242,False
SL,S001414,R01222,False
SL,S001415,R00670,False
SL,S001416,R00762,False
SL,S001417,R00682,False
SL,S001418,R00465,False
SL,S001419,R00502,False
SL,S001420,R00440,False
SL,S001421,R01376,False
SL,S001422,R01053,False
SL,S001423,R01209,False
SL,S001424,R00775,False
SL,S001425,R00490,False
SL,S001426,R00958,False
SL,S001427,R00045,False
SL,S001428,R00925,False
SL,S001429,R00554,False
SL,S001430,R00893,False
SL,S001431,R00514,False
SL,S001432,R00447,False
SL,S001433,R00292,False
SL,S001434,R00860,False
SL,S001435,R01368,False
SL,S001436,R00063,False
SL,S001437,R01197,False
SL,S001438,R00750,False
SL,S001439,R00324,False
SL,S001440,R01202,False
SL,S001441,R01447,False
SL,S001442,R00336,False
SL,S001443,R01225,False
SL,S001444,R00140,False
SL,S001445,R01249,False
SL,S001446,R00946,False
SL,S001447,R00339,False
SL,S001448,R01294,False
SL,S001449,R01439,False
SL,S001450,R00346,False
SL,S001451,R00852,False
SL,S001452,R00771,False
SL,S001453,R01345,False
SL,S001454,R00207,False
SL,S001455,R01392,False
SL,S001456,R01227,False
SL,S001457,R01474,False
SL,S001458,R00690,False
SL,S001459,R01082,False
SL,S001460,R00011,False
SL,S001461,R01116,False
SL,S001462,R01380,False
SL,S001463,R00354,False
SL,S001464,R01456,False
SL,S001465,R01245,False
SL,S001466,R00850,False
SL,S001467,R00144,False
SL,S001468,R01421,False
SL,S001469,R00608,False
SL,S001470,R00355,False
SL,S001471,R00913,False
SL,S001472,R00819,False
SL,S001473,R01232,False
SL,S001474,R00416,False
SL,S001475,R00593,False
SL,S001476,R01087,False
SL,S001477,R00160,False
SL,S001478,R00400,False
SL,S001479,R01081,False
SL,S001480,R01168,False
SL,S001481,R00809,False
SL,S001482,R01055,False
GL,G000001,R00103,False
GL,G000002,R01487,False
GL,G000003,R00789,False
GL,G000004,R00169,False
GL,G000005,R01293,False
GL,G000006,R00574,False
GL,G000007,R01236,False
GL,G000008,R00271,False
GL,G000009,R00380,False
GL,G000010,R01481,False
GL,G000011,R00302,False
GL,G000012,R00900,False
GL,G000013,R00844,False
GL,G000014,R01365,False
GL,G000015,R01174,False
GL,G000016,R00299,False
GL,G000017,R01179,False
GL,G000018,R00845,False
GL,G000019,R01189,False
GL,G000020,R00453,False
GL,G000021,R00464,False
GL,G000022,R01278,False
GL,G000023,R01037,False
GL,G000024,R00539,False
GL,G000025,R00820,False
GL,G000026,R00838,False
GL,G000027,R00800,False
GL,G000028,R01269,False
GL,G000029,R00137,False
GL,G000030,R01265,False
GL,G000031,R01492,False
GL,G000032,R00414,False
GL,G000033,R00232,False
GL,G000034,R00772,False
GL,G000035,R01462,False
GL,G000036,R00662,False
GL,G000037,R01398,False
GL,G000038,R00706,False
GL,G000039,R01285,False
GL,G000040,R00409,False
GL,G000041,R01299,False
GL,G000042,R00327,False
GL,G000043,R01109,False
GL,G000044,R00477,False
GL,G000045,R00698,False
GL,G000046,R01135,False
GL,G000047,R01166,False
GL,G000048,R00561,False
GL,G000049,R00384,False
GL,G000050,R00428,False
GL,G000051,R00969,False
GL,G000052,R00116,False
GL,G000053,R00829,False
GL,G000054,R00055,False
GL,G000055,R01451,False
GL,G000056,R00396,False
GL,G000057,R01266,False
GL,G000058,R01408,False
GL,G000059,R01069,False
GL,G000060,R00816,False
GL,G000061,R01020,False
GL,G000062,R00368,False
GL,G000063,R01410,False
GL,G000064,R00901,False
GL,G000065,R00843,False
GL,G000066,R01018,False
GL,G000067,R01350,False
GL,G000068,R01445,False
GL,G000069,R01463,False
GL,G000070,R01120,False
GL,G000071,R00786,False
GL,G000072,R01452,False
GL,G000073,R00888,False
GL,G000074,R01455,False
GL,G000075,R00146,False
GL,G000076,R01021,False
GL,G000077,R01360,False
GL,G000078,R00438,False
GL,G000079,R00249,False
GL,G000080,R01025,False
GL,G000081,R00618,False
GL,G000082,R01469,False
GL,G000083,R01095,False
GL,G000084,R00517,False
GL,G000085,R00869,False
GL,G000086,R01034,False
GL,G000087,R00897,False
GL,G000088,R00545,False
GL,G000089,R00886,False
GL,G000090,R00386,False
GL,G000091,R00573,False
GL,G000092,R01098,False
GL,G000093,R00217,False
GL,G000094,R00580,False
GL,G000095,R01252,False
GL,G000096,R00583,False
GL,G000097,R00880,False
GL,G000098,R01214,False
GL,G000099,R01255,False
GL,G000100,R00216,False
GL,G000101,R00909,False
GL,G000102,R00006,False
GL,G000103,R00810,False
GL,G000104,R01239,False
GL,G000105,R00278,False
GL,G000106,R00044,False
GL,G000107,R00459,False
GL,G000108,R00847,False
GL,G000109,R00321,False
GL,G000110,R00857,False
GL,G000111,R00658,False
GL,G000112,R01327,False
GL,G000113,R00890,False
GL,G000114,R00279,False
GL,G000115,R00149,False
GL,G000116,R00132,False
GL,G000117,R01449,False
GL,G000118,R00694,False
GL,G000119,R00976,False
GL,G000120,R00579,False
GL,G000121,R01488,False
GL,G000122,R00727,False
GL,G000123,R01361,False
GL,G000124,R00035,False
GL,G000125,R00677,False
GL,G000126,R00752,False
GL,G000127,R00375,False
GL,G000128,R00086,False
GL,G000129,R00898,False
GL,G000130,R00032,False
GL,G000131,R00541,False
GL,G000132,R00873,False
GL,G000133,R00170,False
GL,G000134,R00950,False
GL,G000135,R00699,False
GL,G000136,R00515,False
GL,G000137,R00242,False
GL,G000138,R00309,False
GL,G000139,R00171,False
GL,G000140,R01483,False
GL,G000141,R00126,False
GL,G000142,R00817,False
GL,G000143,R00723,False
GL,G000144,R00385,False
GL,G000145,R01288,False
GL,G000146,R01215,False
GL,G000147,R00195,False
GL,G000148,R00430,False
GL,G000149,R00537,False
GL,G000150,R00783,False
GL,G000151,R00009,False
GL,G000152,R00245,False
GL,G000153,R01226,False
GL,G000154,R00790,False
GL,G000155,R00825,False
GL,G000156,R01026,False
GL,G000157,R01320,False
GL,G000158,R00119,False
GL,G000159,R00862,False
GL,G000160,R00435,False
GL,G000161,R00312,False
GL,G000162,R01358,False
GL,G000163,R01054,False
GL,G000164,R01121,False
GL,G000165,R00197,False
GL,G000166,R00068,False
GL,G000167,R01465,False
GL,G000168,R00872,False
GL,G000169,R00000,False
GL,G000170,R00758,False
GL,G000171,R00442,False
GL,G000172,R00364,False
GL,G000173,R01019,False
GL,G000174,R01271,False
GL,G000175,R01165,False
GL,G000176,R00947,False
GL,G000177,R00017,False
GL,G000178,R01186,False
GL,G000179,R01341,False
GL,G000180,R00257,False
GL,G000181,R00807,False
GL,G000182,R00117,False
GL,G000183,R00619,False
GL,G000184,R00587,False
GL,G000185,R00305,False
GL,G000186,R01004,False
GL,G000187,R00720,False
GL,G000188,R00073,False
GL,G000189,R00782,False
GL,G000190,R00603,False
GL,G000191,R00057,False
GL,G000192,R00496,False
GL,G000193,R00582,False
GL,G000194,R00822,False
GL,G000195,R00500,False
GL,G000196,R00479,False
GL,G000197,R00456,False
GL,G000198,R00240,False
GL,G000199,R00945,False
GL,G000200,R00413,False
GL,G000201,R00220,False
GL,G000202,R00937,False
GL,G000203,R01103,False
GL,G000204,R01444,False
GL,G000205,R01089,False
GL,G000206,R00923,False
GL,G000207,R01342,False
GL,G000208,R00974,False
GL,G000209,R00669,False
GL,G000210,R00099,False
GL,G000211,R00749,False
GL,G000212,R01357,False
GL,G000213,R00936,False
GL,G000214,R00704,False
GL,G000215,R01045,False
GL,G000216,R01237,False
GL,G000217,R00286,False
GL,G000218,R00461,False
GL,G000219,R00328,False
GL,G000220,R00521,False
GL,G000221,R01062,False
GL,G000222,R00181,False
GL,G000223,R00751,False
GL,G000224,R00944,False
GL,G000225,R00410,False
GL,G000226,R00702,False
GL,G000227,R01192,False
GL,G000228,R01077,False
GL,G000229,R00531,False
GL,G000230,R00167,False
GL,G000231,R01405,False
GL,G000232,R00466,False
GL,G000233,R00532,False
GL,G000234,R00186,False
GL,G000235,R00022,False
GL,G000236,R00255,False
GL,G000237,R00286,True
GL,G000238,R00527,False
GL,G000239,R01228,False
GL,G000240,R00883,False
GL,G000241,R00846,False
GL,G000242,R00768,False
GL,G000243,R01075,False
GL,G000244,R00833,False
GL,G000245,R00261,False
GL,G000246,R01432,False
GL,G000247,R00040,False
GL,G000248,R00349,False
GL,G000249,R00634,False
GL,G000250,R00391,False
GL,G000251,R00887,False
GL,G000252,R00660,False
GL,G000253,R00535,False
GL,G000254,R00177,False
GL,G000255,R00258,False
GL,G000256,R01486,False
GL,G000257,R00356,False
GL,G000258,R01344,False
GL,G000259,R00703,False
GL,G000260,R00468,False
GL,G000261,R01404,False
GL,G000262,R01031,False
GL,G000263,R00522,False
GL,G000264,R00622,False
GL,G000265,R00156,False
GL,G000266,R00960,False
GL,G000267,R00543,False
GL,G000268,R00907,False
GL,G000269,R00663,False
GL,G000270,R00837,False
GL,G000271,R00911,False
GL,G000272,R00348,False
GL,G000273,R01173,False
GL,G000274,R01480,False
GL,G000275,R01084,False
GL,G000276,R00229,False
GL,G000277,R00252,False
GL,G000278,R01256,False
GL,G000279,R00563,False
GL,G000280,R01325,False
GL,G000281,R00652,False
GL,G000282,R00071,False
GL,G000283,R00963,False
GL,G000284,R01114,False
GL,G000285,R00684,False
GL,G000286,R01344,True
GL,G000287,R01431,False
GL,G000288,R00397,False
GL,G000289,R00338,False
GL,G000290,R00760,False
GL,G000291,R00389,False
GL,G000292,R00077,False
GL,G000293,R01112,False
GL,G000294,R00734,False
GL,G000295,R00051,False
GL,G000296,R01394,False
GL,G000297,R01473,False
GL,G000298,R00082,False
GL,G000299,R00362,False
GL,G000300,R01385,False
GL,G000301,R00871,False
GL,G000302,R00425,False
GL,G000303,R00542,False
GL,G000304,R01287,False
GL,G000305,R00101,False
GL,G000306,R01177,False
GL,G000307,R01071,False
GL,G000308,R00592,False
GL,G000309,R00636,False
GL,G000310,R01363,False
GL,G000311,R00326,False
GL,G000312,R01111,False
GL,G000313,R00485,False
GL,G000314,R00902,False
GL,G000315,R00147,False
GL,G000316,R01012,False
GL,G000317,R00975,False
GL,G000318,R00992,False
GL,G000319,R00565,False
GL,G000320,R00853,False
GL,G000321,R01046,False
GL,G000322,R01307,False
GL,G000323,R01354,False
GL,G000324,R00616,False
GL,G000325,R00695,False
GL,G000326,R00509,False
GL,G000327,R00567,False
GL,G000328,R01290,False
GL,G000329,R01105,False
GL,G000330,R00096,False
GL,G000331,R01250,False
GL,G000332,R01123,False
GL,G000333,R00314,False
GL,G000334,R00507,False
GL,G000335,R01424,False
GL,G000336,R00831,False
GL,G000337,R01401,False
GL,G000338,R01306,False
GL,G000339,R00889,False
GL,G000340,R01478,False
GL,G000341,R01106,False
GL,G000342,R00325,False
GL,G000343,R00345,False
GL,G000344,R00411,False
GL,G000345,R01264,False
GL,G000346,R00188,False
GL,G000347,R00223,False
GL,G000348,R01178,False
GL,G000349,R00932,False
GL,G000350,R00215,False
GL,G000351,R00291,False
GL,G000352,R00918,False
GL,G000353,R00141,False
GL,G000354,R00830,False
GL,G000355,R01260,False
GL,G000356,R00383,False
GL,G000357,R00482,False
GL,G000358,R00313,False
GL,G000359,R00118,False
GL,G000360,R01453,False
GL,G000361,R00449,False
GL,G000362,R00949,False
GL,G000363,R01490,False
GL,G000364,R00743,False
GL,G000365,R00856,False
GL,G000366,R00298,False
GL,G000367,R01010,False
GL,G000368,R00533,False
GL,G000369,R01321,False
GL,G000370,R01428,False
GL,G000371,R00566,False
GL,G000372,R00262,False
GL,G000373,R01381,False
GL,G000374,R00151,False
GL,G000375,R01412,False
GL,G000376,R00637,False
GL,G000377,R00280,False
GL,G000378,R00110,False
GL,G000379,R00352,False
GL,G000380,R00617,False
GL,G000381,R00208,False
GL,G000382,R00398,False
GL,G000383,R00718,False
GL,G000384,R00480,False
GL,G000385,R00379,False
GL,G000386,R01208,False
GL,G000387,R01458,False
GL,G000388,R01409,False
GL,G000389,R00508,False
GL,G000390,R00813,False
GL,G000391,R00238,False
GL,G000392,R00270,False
GL,G000393,R00778,False
GL,G000394,R01399,False
GL,G000395,R00418,False
GL,G000396,R00970,False
GL,G000397,R00095,False
GL,G000398,R00504,False
GL,G000399,R00038,False
GL,G000400,R01229,False
GL,G000401,R00205,False
GL,G000402,R01191,False
GL,G000403,R00988,False
GL,G000404,R01296,False
GL,G000405,R00951,False
GL,G000406,R01482,False
GL,G000407,R01185,False
GL,G000408,R00142,False
GL,G000409,R00210,False
GL,G000410,R00927,False
GL,G000411,R01122,False
GL,G000412,R00854,False
GL,G000413,R00189,False
GL,G000414,R01238,False
GL,G000415,R00494,False
GL,G000416,R00987,False
GL,G000417,R00748,False
GL,G000418,R01337,False
GL,G000419,R00747,False
GL,G000420,R00681,False
GL,G000421,R01113,False
GL,G000422,R00370,False
GL,G000423,R00402,False
GL,G000424,R00399,False
GL,G000425,R00594,False
GL,G000426,R01438,False
GL,G000427,R00798,False
GL,G000428,R00524,False
GL,G000429,R00153,False
GL,G000430,R01029,False
GL,G000431,R00553,False
GL,G000432,R00525,False
GL,G000433,R00987,True
GL,G000434,R00840,False
GL,G000435,R01094,False
GL,G000436,R01013,False
GL,G000437,R00441,False
GL,G000438,R00076,False
GL,G000439,R00135,False
GL,G000440,R00320,False
GL,G000441,R01387,False
GL,G000442,R01366,False
GL,G000443,R01315,False
GL,G000444,R01176,False
GL,G000445,R00341,False
GL,G000446,R00967,False
GL,G000447,R01033,False
GL,G000448,R01406,False
GL,G000449,R00308,False
GL,G000450,R01154,False
GL,G000451,R01461,False
GL,G000452,R01144,False
GL,G000453,R00198,False
GL,G000454,R00267,False
GL,G000455,R00337,False
GL,G000456,R00225,False
GL,G000457,R00332,False
GL,G000458,R00801,False
GL,G000459,R00253,False
GL,G000460,R01059,False
GL,G000461,R01390,False
GL,G000462,R00367,False
GL,G000463,R00446,False
GL,G000464,R01104,False
GL,G000465,R01402,False
GL,G000466,R01450,False
GL,G000467,R00764,False
GL,G000468,R01362,False
GL,G000469,R01493,False
GL,G000470,R01248,False
GL,G000471,R01434,False
GL,G000472,R00166,False
GL,G000473,R00043,False
GL,G000474,R00168,False
GL,G000475,R00065,False
GL,G000476,R00250,False
GL,G000477,R00412,False
GL,G000478,R00138,False
GL,G000479,R00087,False
GL,G000480,R01356,False
GL,G000481,R01403,False
GL,G000482,R00520,False
GL,G000483,R01435,False
GL,G000484,R00031,False
GL,G000485,R01382,False
GL,G000486,R00193,False
GL,G000487,R00645,False
GL,G000488,R00486,False
GL,G000489,R01475,False
GL,G000490,R00606,False
GL,G000491,R00997,False
GL,G000492,R00631,False
GL,G000493,R01141,False
GL,G000494,R00052,False
GL,G000495,R01371,False
GL,G000496,R01159,False
GL,G000497,R00373,False
GL,G000498,R01270,False
GL,G000499,R00737,False
GL,G000500,R00613,False
GL,G000501,R01051,False
GL,G000502,R00331,False
GL,G000503,R00633,False
GL,G000504,R00200,False
GL,G000505,R01158,False
GL,G000506,R00067,False
GL,G000507,R00626,False
GL,G000508,R01068,False
GL,G000509,R00745,False
GL,G000510,R01150,False
GL,G000511,R00575,False
GL,G000512,R00497,False
GL,G000513,R00293,False
GL,G000514,R00978,False
GL,G000515,R01311,False
GL,G000516,R00196,False
GL,G000517,R00990,False
GL,G000518,R00300,False
GL,G000519,R00062,False
GL,G000520,R00392,False
GL,G000521,R01319,False
GL,G000522,R00378,False
GL,G000523,R01065,False
GL,G000524,R01284,False
GL,G000525,R01267,False
GL,G000526,R00627,False
GL,G000527,R00629,False
GL,G000528,R00187,False
GL,G000529,R01093,False
GL,G000530,R01043,False
GL,G000531,R00021,False
GL,G000532,R00908,False
GL,G000533,R00941,False
GL,G000534,R01172,False
GL,G000535,R00686,False
GL,G000536,R01467,False
GL,G000537,R00392,True
GL,G000538,R00769,False
GL,G000539,R01359,False
GL,G000540,R01384,False
GL,G000541,R01494,False
GL,G000542,R00163,False
GL,G000543,R01282,False
GL,G000544,R01479,False
GL,G000545,R01301,False
GL,G000546,R00162,False
GL,G000547,R00912,False
GL,G000548,R01251,False
GL,G000549,R00971,False
GL,G000550,R00808,False
GL,G000551,R01137,False
GL,G000552,R00026,False
GL,G000553,R00439,False
GL,G000554,R00372,False
GL,G000555,R00906,False
GL,G000556,R00961,False
GL,G000557,R01351,False
GL,G000558,R00757,False
GL,G000559,R00164,False
GL,G000560,R01016,False
GL,G000561,R01477,False
GL,G000562,R01130,False
GL,G000563,R00143,False
GL,G000564,R01190,False
GL,G000565,R00463,False
GL,G000566,R01224,False
GL,G000567,R00237,False
GL,G000568,R00956,False
GL,G000569,R01184,False
GL,G000570,R00959,False
GL,G000571,R00154,False
GL,G000572,R01058,False
GL,G000573,R00623,False
GL,G000574,R01152,False
GL,G000575,R00434,False
GL,G000576,R00632,False
GL,G000577,R00406,False
GL,G000578,R01339,False
GL,G000579,R01156,False
GL,G000580,R00731,False
GL,G000581,R00499,False
GL,G000582,R01091,False
GL,G000583,R00794,False
GL,G000584,R00064,False
GL,G000585,R00266,False
GL,G000586,R00284,False
GL,G000587,R00953,False
GL,G000588,R01372,False
GL,G000589,R00993,False
GL,G000590,R00247,False
GL,G000591,R01042,False
GL,G000592,R00571,False
GL,G000593,R01078,False
GL,G000594,R00139,False
GL,G000595,R00081,False
GL,G000596,R00272,False
GL,G000597,R00928,False
GL,G000598,R01436,False
GL,G000599,R00472,False
GL,G000600,R00353,False
GL,G000601,R00093,False
GL,G000602,R00776,False
GL,G000603,R00495,False
GL,G000604,R01262,False
GL,G000605,R01099,False
GL,G000606,R01484,False
GL,G000607,R00218,False
GL,G000608,R00090,False
GL,G000609,R01219,False
GL,G000610,R01443,False
GL,G000611,R00934,False
GL,G000612,R01038,False
GL,G000613,R01373,False
GL,G000614,R00029,False
GL,G000615,R00204,False
GL,G000616,R01318,False
GL,G000617,R00870,False
GL,G000618,R00221,False
GL,G000619,R00546,False
GL,G000620,R00185,False
GL,G000621,R00882,False
GL,G000622,R00620,False
GL,G000623,R00274,False
GL,G000624,R00922,False
GL,G000625,R00123,False
GL,G000626,R00938,False
GL,G000627,R00108,False
GL,G000628,R00113,False
GL,G000629,R01167,False
GL,G000630,R00289,False
GL,G000631,R00943,False
GL,G000632,R00688,False
GL,G000633,R01308,False
GL,G000634,R00755,False
GL,G000635,R00799,False
GL,G000636,R01417,False
GL,G000637,R01049,False
GL,G000638,R00081,True
GL,G000639,R00915,False
GL,G000640,R01367,False
GL,G000641,R00003,False
GL,G000642,R00004,False
GL,G000643,R00230,False
GL,G000644,R01183,False
GL,G000645,R01074,False
GL,G000646,R00019,False
GL,G000647,R00868,False
GL,G000648,R00069,False
GL,G000649,R01498,False
GL,G000650,R00709,False
GL,G000651,R00904,False
GL,G000652,R00973,False
GL,G000653,R00518,False
GL,G000654,R00536,False
GL,G000655,R01330,False
GL,G000656,R00120,False
GL,G000657,R00621,False
GL,G000658,R01056,False
GL,G000659,R01100,False
GL,G000660,R00611,False
GL,G000661,R00334,False
GL,G000662,R00072,False
GL,G000663,R01472,False
GL,G000664,R00213,False
GL,G000665,R00046,False
GL,G000666,R00281,False
GL,G000667,R01457,False
GL,G000668,R01292,False
GL,G000669,R00505,False
GL,G000670,R00276,False
GL,G000671,R01201,False
GL,G000672,R01115,False
GL,G000673,R00784,False
GL,G000674,R00175,False
GL,G000675,R01145,False
GL,G000676,R00767,False
GL,G000677,R00030,False
GL,G000678,R00484,False
GL,G000679,R00708,False
GL,G000680,R01430,False
GL,G000681,R00297,False
GL,G000682,R00366,False
GL,G000683,R00646,False
GL,G000684,R01491,False
GL,G000685,R00184,False
GL,G000686,R00562,False
GL,G000687,R01119,False
GL,G000688,R00053,False
GL,G000689,R00202,False
GL,G000690,R00008,False
GL,G000691,R00283,False
GL,G000692,R00650,False
GL,G000693,R00728,False
GL,G000694,R01212,False
GL,G000695,R00473,False
GL,G000696,R00832,False
GL,G000697,R00251,False
GL,G000698,R00717,False
GL,G000699,R01161,False
GL,G000700,R00797,False
GL,G000701,R00365,False
GL,G000702,R01007,False
GL,G000703,R00448,False
GL,G000704,R01017,False
GL,G000705,R00643,False
GL,G000706,R00405,False
GL,G000707,R01216,False
GL,G000708,R01489,False
GL,G000709,R00555,False
GL,G000710,R01419,False
GL,G000711,R00666,False
GL,G000712,R01030,False
GL,G000713,R00896,False
GL,G000714,R01459,False
GL,G000715,R01243,False
GL,G000716,R01247,False
GL,G000717,R00452,False
GL,G000718,R00075,False
GL,G000719,R00158,False
GL,G000720,R00343,False
GL,G000721,R00419,False
GL,G000722,R01295,False
GL,G000723,R00234,False
GL,G000724,R01014,False
GL,G000725,R01476,False
GL,G000726,R00892,False
GL,G000727,R00182,False
GL,G000728,R00678,False
GL,G000729,R01009,False
GL,G000730,R00996,False
GL,G000731,R00275,False
GL,G000732,R00020,False
GL,G000733,R01391,False
GL,G000734,R01310,False
GL,G000735,R00404,False
GL,G000736,R00999,False
GL,G000737,R01378,False
GL,G000738,R01352,False
GL,G000739,R00972,False
GL,G000740,R01151,False
GL,G000741,R00628,False
GL,G000742,R00711,False
GL,G000743,R01355,False
GL,G000744,R00700,False
GL,G000745,R00016,False
GL,G000746,R01052,False
GL,G000747,R00795,False
GL,G000748,R01050,False
GL,G000749,R01206,False
GL,G000750,R00605,False
GL,G000751,R00994,False
GL,G000752,R00875,False
GL,G000753,R01146,False
GL,G000754,R00304,False
GL,G000755,R00295,False
GL,G000756,R01090,False
GL,G000757,R00487,False
GL,G000758,R01240,False
GL,G000759,R00916,False
GL,G000760,R00716,False
GL,G000761,R00114,False
GL,G000762,R00655,False
GL,G000763,R00939,False
GL,G000764,R01334,False
GL,G000765,R00350,False
GL,G000766,R00746,False
GL,G000767,R00288,False
GL,G000768,R00802,False
GL,G000769,R01340,False
GL,G000770,R00982,False
GL,G000771,R01175,False
GL,G000772,R00876,False
GL,G000773,R01164,False
GL,G000774,R00806,False
GL,G000775,R00607,False
GL,G000776,R00010,False
GL,G000777,R01298,False
GL,G000778,R01441,False
GL,G000779,R00560,False
GL,G000780,R01433,False
GL,G000781,R00028,False
GL,G000782,R01139,False
GL,G000783,R00179,False
GL,G000784,R00926,False
GL,G000785,R00788,False
GL,G000786,R00548,False
GL,G000787,R01073,False
GL,G000788,R00133,False
GL,G000789,R01322,False
GL,G000790,R00930,False
GL,G000791,R00991,False
GL,G000792,R00455,False
GL,G000793,R01258,False
GL,G000794,R00307,False
GL,G000795,R01343,False
GL,G000796,R00115,False
GL,G000797,R01163,False
GL,G000798,R00761,False
GL,G000799,R00878,False
GL,G000800,R01454,False
GL,G000801,R00033,False
GL,G000802,R00538,False
GL,G000803,R01128,False
GL,G000804,R00157,False
GL,G000805,R01364,False
GL,G000806,R01257,False
GL,G000807,R00921,False
GL,G000808,R01496,False
GL,G000809,R01379,False
GL,G000810,R01194,False
GL,G000811,R00228,False
GL,G000812,R00436,False
GL,G000813,R01083,False
GL,G000814,R00705,False
GL,G000815,R00112,False
GL,G000816,R00647,False
GL,G000817,R00329,False
GL,G000818,R01411,False
GL,G000819,R00707,False
GL,G000820,R00287,False
GL,G000821,R00569,False
GL,G000822,R00294,False
GL,G000823,R00056,False
GL,G000824,R00754,False
GL,G000825,R00130,False
GL,G000826,R01188,False
GL,G000827,R00577,False
GL,G000828,R00078,False
GL,G000829,R01002,False
GL,G000830,R01187,False
GL,G000831,R00265,False
GL,G000832,R00259,False
GL,G000833,R00131,False
GL,G000834,R01028,False
GL,G000835,R00241,False
GL,G000836,R00125,False
GL,G000837,R00654,False
GL,G000838,R01160,False
GL,G000839,R00572,False
GL,G000840,R00268,False
GL,G000841,R01221,False
GL,G000842,R00596,False
GL,G000843,R01117,False
GL,G000844,R00624,False
GL,G000845,R00977,False
GL,G000846,R00984,False
GL,G000847,R00330,False
GL,G000848,R01422,False
GL,G000849,R00423,False
GL,G000850,R01386,False
GL,G000851,R00929,False
GL,G000852,R00676,False
GL,G000853,R00979,False
GL,G000854,R00697,False
GL,G000855,R00227,False
GL,G000856,R00980,False
GL,G000857,R00519,False
GL,G000858,R01155,False
GL,G000859,R00785,False
GL,G000860,R01134,False
GL,G000861,R01414,False
GL,G000862,R01395,False
GL,G000863,R00192,False
GL,G000864,R00534,False
GL,G000865,R01289,False
GL,G000866,R00977,True
GL,G000867,R00530,False
GL,G000868,R00965,False
GL,G000869,R00454,False
GL,G000870,R00966,False
GL,G000871,R01304,False
GL,G000872,R00849,False
GL,G000873,R00393,False
GL,G000874,R01047,False
GL,G000875,R00664,False
GL,G000876,R00895,False
GL,G000877,R00899,False
GL,G000878,R01027,False
GL,G000879,R00995,False
GL,G000880,R00781,False
GL,G000881,R00598,False
GL,G000882,R00493,False
GL,G000883,R00039,False
GL,G000884,R00674,False
GL,G000885,R00701,False
GL,G000886,R01110,False
GL,G000887,R01416,False
GL,G000888,R00322,False
GL,G000889,R00914,False
GL,G000890,R00340,False
GL,G000891,R00457,False
GL,G000892,R00983,False
GL,G000893,R00467,False
GL,G000894,R00657,False
GL,G000895,R00269,False
GL,G000896,R01254,False
GL,G000897,R00955,False
GL,G000898,R00244,False
GL,G000899,R00766,False
GL,G000900,R00136,False
GL,G000901,R01220,False
GL,G000902,R00615,False
GL,G000903,R00671,False
GL,G000904,R01180,False
GL,G000905,R00547,False
GL,G000906,R00986,False
GL,G000907,R00687,False
GL,G000908,R00025,False
GL,G000909,R01195,False
GL,G000910,R01170,False
GL,G000911,R00919,False
GL,G000912,R01199,False
GL,G000913,R00474,False
GL,G000914,R00600,False
GL,G000915,R00098,False
GL,G000916,R01210,False
GL,G000917,R01276,False
GL,G000918,R00742,False
GL,G000919,R01336,False
GL,G000920,R01396,False
GL,G000921,R00239,False
GL,G000922,R00770,False
GL,G000923,R00719,False
GL,G000924,R01317,False
GL,G000925,R01437,False
GL,G000926,R00985,False
GL,G000927,R00501,False
GL,G000928,R01369,False
GL,G000929,R00824,False
GL,G000930,R00122,False
GL,G000931,R00129,False
GL,G000932,R00342,False
GL,G000933,R01204,False
GL,G000934,R00489,False
GL,G000935,R00952,False
GL,G000936,R01129,False
GL,G000937,R01349,False
GL,G000938,R00282,False
GL,G000939,R00651,False
GL,G000940,R00879,False
GL,G000941,R00933,False
GL,G000942,R00121,False
GL,G000943,R01171,False
GL,G000944,R00568,False
GL,G000945,R00821,False
GL,G000946,R00818,False
GL,G000947,R00841,False
GL,G000948,R00310,False
GL,G000949,R00599,False
GL,G000950,R01397,False
GL,G000951,R01088,False
GL,G000952,R01048,False
GL,G000953,R00371,False
GL,G000954,R00478,False
GL,G000955,R00672,False
GL,G000956,R01466,False
GL,G000957,R01067,False
GL,G000958,R01234,False
GL,G000959,R00074,False
GL,G000960,R00236,False
GL,G000961,R00549,False
GL,G000962,R00254,False
GL,G000963,R00191,False
GL,G000964,R00002,False
GL,G000965,R00243,False
GL,G000966,R00957,False
GL,G000967,R00729,False
GL,G000968,R00097,False
GL,G000969,R01297,False
GL,G000970,R01397,True
GL,G000971,R01423,False
GL,G000972,R00155,False
GL,G000973,R00415,False
GL,G000974,R00445,False
GL,G000975,R01234,True
GL,G000976,R00161,False
GL,G000977,R01127,False
GL,G000978,R00079,False
GL,G000979,R01328,False
GL,G000980,R00048,False
GL,G000981,R00614,False
GL,G000982,R00586,False
GL,G000983,R00640,False
GL,G000984,R00183,False
GL,G000985,R00735,False
GL,G000986,R00812,False
GL,G000987,R01182,False
GL,G000988,R00059,False
GL,G000989,R01471,False
GL,G000990,R00858,False
GL,G000991,R00874,False
GL,G000992,R00256,False
GL,G000993,R00315,False
GL,G000994,R00826,False
GL,G000995,R00787,False
GL,G000996,R01070,False
GL,G000997,R01040,False
GL,G000998,R00865,False
GL,G000999,R01426,False
GL,G001000,R01326,False
GL,G001001,R00791,False
GL,G001002,R01131,False
GL,G001003,R01148,False
GL,G001004,R00981,False
GL,G001005,R00311,False
GL,G001006,R00710,False
GL,G001007,R01118,False
GL,G001008,R01273,False
GL,G001009,R00635,False
GL,G001010,R01305,False
GL,G001011,R00007,False
GL,G001012,R01196,False
GL,G001013,R00085,False
GL,G001014,R00235,False
GL,G001015,R01076,False
GL,G001016,R01061,False
GL,G001017,R00394,False
GL,G001018,R00792,False
GL,G001019,R01063,False
GL,G001020,R00696,False
GL,G001021,R00421,False
GL,G001022,R01302,False
GL,G001023,R00211,False
GL,G001024,R00190,False
GL,G001025,R00940,False
GL,G001026,R00905,False
GL,G001027,R00931,False
GL,G001028,R00224,False
GL,G001029,R00823,False
GL,G001030,R00014,False
GL,G001031,R01207,False
GL,G001032,R00680,False
GL,G001033,R00540,False
GL,G001034,R00630,False
GL,G001035,R01193,False
GL,G001036,R00665,False
GL,G001037,R00012,False
GL,G001038,R01275,False
GL,G001039,R00891,False
GL,G001040,R00107,False
GL,G001041,R00174,False
GL,G001042,R00203,False
GL,G001043,R00173,False
GL,G001044,R01008,False
GL,G001045,R00726,False
GL,G001046,R01044,False
GL,G001047,R00359,False
GL,G001048,R00222,False
GL,G001049,R01032,False
GL,G001050,R00376,False
GL,G001051,R00058,False
GL,G001052,R01448,False
GL,G001053,R00738,False
GL,G001054,R00429,False
GL,G001055,R00894,False
GL,G001056,R00460,False
GL,G001057,R00736,False
GL,G001058,R00773,False
GL,G001059,R01136,False
GL,G001060,R00661,False
GL,G001061,R01217,False
GL,G001062,R00109,False
GL,G001063,R00246,False
GL,G001064,R01231,False
GL,G001065,R01280,False
GL,G001066,R00214,True
GL,G001067,R00730,False
GL,G001068,R00377,False
GL,G001069,R00317,False
GL,G001070,R01281,False
GL,G001071,R00431,False
GL,G001072,R00885,False
GL,G001073,R00176,False
GL,G001074,R00675,False
GL,G001075,R00042,False
GL,G001076,R01347,False
GL,G001077,R01348,False
GL,G001078,R00214,False
GL,G001079,R01233,False
GL,G001080,R00462,False
GL,G001081,R00316,False
GL,G001082,R00492,False
GL,G001083,R01277,False
GL,G001084,R01377,False
GL,G001085,R00233,False
GL,G001086,R00556,False
GL,G001087,R01064,False
GL,G001088,R00756,False
GL,G001089,R00061,False
GL,G001090,R00390,False
GL,G001091,R00712,False
GL,G001092,R00877,False
GL,G001093,R01138,False
GL,G001094,R00644,False
GL,G001095,R00206,False
GL,G001096,R00106,False
GL,G001097,R00172,False
GL,G001098,R00001,False
GL,G001099,R01001,False
GL,G001100,R00088,False
GL,G001101,R01274,False
GL,G001102,R00804,False
GL,G001103,R00741,False
GL,G001104,R00470,False
GL,G001105,R01203,False
GL,G001106,R01035,False
GL,G001107,R01300,False
GL,G001108,R01338,False
GL,G001109,R00511,False
GL,G001110,R00013,False
GL,G001111,R00422,False
GL,G001112,R00954,False
GL,G001113,R00759,False
GL,G001114,R00050,False
GL,G001115,R00159,False
GL,G001116,R01497,False
GL,G001117,R01429,False
GL,G001118,R01072,False
GL,G001119,R00656,False
GL,G001120,R01057,False
GL,G001121,R01253,False
GL,G001122,R01415,False
GL,G001123,R00041,False
GL,G001124,R01147,False
GL,G001125,R00049,False
GL,G001126,R00209,False
GL,G001127,R00835,False
GL,G001128,R00863,False
GL,G001129,R00475,False
GL,G001130,R00691,False
GL,G001131,R00084,False
GL,G001132,R00602,False
GL,G001133,R01393,False
GL,G001134,R01133,False
GL,G001135,R00127,False
GL,G001136,R00713,False
GL,G001137,R00369,False
GL,G001138,R00024,False
GL,G001139,R00689,False
GL,G001140,R00248,False
GL,G001141,R00105,False
GL,G001142,R00989,False
GL,G001143,R01011,False
GL,G001144,R00724,False
GL,G001145,R00601,False
GL,G001146,R00744,False
GL,G001147,R00488,False
GL,G001148,R00595,False
GL,G001149,R00401,False
GL,G001150,R01060,False
GL,G001151,R01333,False
GL,G001152,R00733,False
GL,G001153,R00319,False
GL,G001154,R00917,False
GL,G001155,R00091,False
GL,G001156,R00226,False
GL,G001157,R00523,False
GL,G001158,R01000,False
GL,G001159,R00851,False
GL,G001160,R00715,False
GL,G001161,R01211,False
GL,G001162,R00212,False
GL,G001163,R00015,False
GL,G001164,R00836,False
GL,G001165,R00612,False
GL,G001166,R00104,False
GL,G001167,R00597,False
GL,G001168,R00111,False
GL,G001169,R01440,False
GL,G001170,R01425,False
GL,G001171,R00550,False
GL,G001172,R00483,False
GL,G001173,R00290,False
GL,G001174,R01097,False
GL,G001175,R00277,False
GL,G001176,R00638,False
GL,G001177,R01218,False
GL,G001178,R01312,False
GL,G001179,R01230,False
GL,G001180,R00070,False
GL,G001181,R00165,False
GL,G001182,R01259,False
GL,G001183,R00552,False
GL,G001184,R00814,False
GL,G001185,R01331,False
GL,G001186,R00089,False
GL,G001187,R00260,False
GL,G001188,R00102,False
GL,G001189,R01223,False
GL,G001190,R01283,False
GL,G001191,R01241,False
GL,G001192,R00805,False
GL,G001193,R01468,False
GL,G001194,R01039,False
GL,G001195,R00471,False
GL,G001196,R01086,False
GL,G001197,R01024,False
GL,G001198,R01132,False
GL,G001199,R00037,False
GL,G001200,R00653,False
GL,G001201,R00387,False
GL,G001202,R01015,False
GL,G001203,R00884,False
GL,G001204,R01124,False
GL,G001205,R00027,False
GL,G001206,R01460,False
GL,G001207,R00544,False
GL,G001208,R00092,False
GL,G001209,R00604,False
GL,G001210,R00301,False
GL,G001211,R01198,False
GL,G001212,R00589,False
GL,G001213,R00859,False
GL,G001214,R00588,False
GL,G001215,R00855,False
GL,G001216,R00649,False
GL,G001217,R00427,False
GL,G001218,R01263,False
GL,G001219,R00765,False
GL,G001220,R00432,False
GL,G001221,R00685,False
GL,G001222,R00866,False
GL,G001223,R01499,False
GL,G001224,R01023,False
GL,G001225,R00360,False
GL,G001226,R00481,False
GL,G001227,R01006,False
GL,G001228,R00512,False
GL,G001229,R01246,False
GL,G001230,R00124,False
GL,G001231,R01413,False
GL,G001232,R00793,False
GL,G001233,R01092,False
GL,G001234,R00083,False
GL,G001235,R00145,False
GL,G001236,R00834,False
GL,G001237,R00610,False
GL,G001238,R00848,False
GL,G001239,R01126,False
GL,G001240,R01418,False
GL,G001241,R01125,False
GL,G001242,R00581,False
GL,G001243,R00590,False
GL,G001244,R01313,False
GL,G001245,R01143,False
GL,G001246,R00667,False
GL,G001247,R01085,False
GL,G001248,R00722,False
GL,G001249,R00513,False
GL,G001250,R00881,False
GL,G001251,R01291,False
GL,G001252,R00018,False
GL,G001253,R00100,False
GL,G001254,R00296,False
GL,G001255,R00458,False
GL,G001256,R00036,False
GL,G001257,R01022,False
GL,G001258,R00867,False
GL,G001259,R00740,False
GL,G001260,R00335,False
GL,G001261,R00333,False
GL,G001262,R00815,False
GL,G001263,R00609,False
GL,G001264,R01324,False
GL,G001265,R01400,False
GL,G001266,R01096,False
GL,G001267,R01079,False
GL,G001268,R00780,False
GL,G001269,R00231,False
GL,G001270,R00476,False
GL,G001271,R00962,False
GL,G001272,R00920,False
GL,G001273,R01407,False
GL,G001274,R00374,False
GL,G001275,R00903,False
GL,G001276,R00828,False
GL,G001277,R01140,False
GL,G001278,R01464,False
GL,G001279,R01346,False
GL,G001280,R01157,False
GL,G001281,R00303,False
GL,G001282,R01303,False
GL,G001283,R01041,False
GL,G001284,R00361,False
GL,G001285,R00774,False
GL,G001286,R00578,False
GL,G001287,R00503,False
GL,G001288,R00642,False
GL,G001289,R01149,False
GL,G001290,R00864,False
GL,G001291,R01213,False
GL,G001292,R01200,False
GL,G001293,R00476,True
GL,G001294,R01323,False
GL,G001295,R00557,False
GL,G001296,R00564,False
GL,G001297,R01244,False
GL,G001298,R00395,False
GL,G001299,R01279,False
GL,G001300,R01485,False
GL,G001301,R01370,False
GL,G001302,R00388,False
GL,G001303,R00426,False
GL,G001304,R00827,False
GL,G001305,R00779,False
GL,G001306,R01309,False
GL,G001307,R00094,False
GL,G001308,R01427,False
GL,G001309,R01169,False
GL,G001310,R01389,False
GL,G001311,R00178,False
GL,G001312,R01383,False
GL,G001313,R00357,False
GL,G001314,R00066,False
GL,G001315,R00491,False
GL,G001316,R00363,False
GL,G001317,R00526,False
GL,G001318,R00047,False
GL,G001319,R00005,False
GL,G001320,R00150,False
GL,G001321,R01003,False
GL,G001322,R01107,False
GL,G001323,R01470,False
GL,G001324,R00942,False
GL,G001325,R00803,False
GL,G001326,R00034,False
GL,G001327,R00152,False
GL,G001328,R00763,False
GL,G001329,R00576,False
GL,G001330,R00060,False
GL,G001331,R01374,False
GL,G001332,R00201,False
GL,G001333,R00668,False
GL,G001334,R01272,False
GL,G001335,R01388,False
GL,G001336,R00516,False
GL,G001337,R01142,False
GL,G001338,R00585,False
GL,G001339,R00839,False
GL,G001340,R00811,False
GL,G001341,R01153,False
GL,G001342,R00753,False
GL,G001343,R00180,False
GL,G001344,R00692,False
GL,G001345,R00347,False
GL,G001346,R00739,False
GL,G001347,R00420,False
GL,G001348,R01066,False
GL,G001349,R01286,False
GL,G001350,R01036,False
GL,G001351,R00732,False
GL,G001352,R01446,False
GL,G001353,R00323,False
GL,G001354,R01314,False
GL,G001355,R00964,False
GL,G001356,R01080,False
GL,G001357,R00285,False
GL,G001358,R00263,False
GL,G001359,R00023,False
GL,G001360,R00219,False
GL,G001361,R00080,False
GL,G001362,R01102,False
GL,G001363,R00998,False
GL,G001364,R00721,False
GL,G001365,R00408,False
GL,G001366,R01375,False
GL,G001367,R00861,False
GL,G001368,R00344,False
GL,G001369,R00591,False
GL,G001370,R00469,False
GL,G001371,R01442,False
GL,G001372,R01181,False
GL,G001373,R00437,False
GL,G001374,R00382,False
GL,G001375,R00683,False
GL,G001376,R00842,False
GL,G001377,R00948,False
GL,G001378,R00528,False
GL,G001379,R00762,False
GL,G001380,R00670,False
GL,G001381,R00570,False
GL,G001382,R00935,False
GL,G001383,R00490,False
GL,G001384,R00679,False
GL,G001385,R00199,False
GL,G001386,R00714,False
GL,G001387,R00381,False
GL,G001388,R00968,False
GL,G001389,R01268,False
GL,G001390,R01108,False
GL,G001391,R00682,False
GL,G001392,R01222,False
GL,G001393,R00958,False
GL,G001394,R01261,False
GL,G001395,R00465,False
GL,G001396,R01209,False
GL,G001397,R00318,False
GL,G001398,R00440,False
GL,G001399,R00045,False
GL,G001400,R00750,False
GL,G001401,R01420,False
GL,G001402,R01447,False
GL,G001403,R01197,False
GL,G001404,R00273,False
GL,G001405,R01376,False
GL,G001406,R00641,False
GL,G001407,R00450,False
GL,G001408,R00648,False
GL,G001409,R00194,False
GL,G001410,R01294,False
GL,G001411,R00775,False
GL,G001412,R00946,False
GL,G001413,R00796,False
GL,G001414,R00514,False
GL,G001415,R00502,False
GL,G001416,R00498,False
GL,G001417,R00063,False
GL,G001418,R01202,False
GL,G001419,R01227,False
GL,G001420,R00207,False
GL,G001421,R00339,False
GL,G001422,R01456,False
GL,G001423,R00852,False
GL,G001424,R00925,False
GL,G001425,R01474,False
GL,G001426,R01439,False
GL,G001427,R01082,False
GL,G001428,R01368,False
GL,G001429,R00639,False
GL,G001430,R00336,False
GL,G001431,R01249,False
GL,G001432,R01345,False
GL,G001433,R01225,False
GL,G001434,R01242,False
GL,G001435,R00416,False
GL,G001436,R00608,False
GL,G001437,R00403,False
GL,G001438,R00913,False
GL,G001439,R00860,False
GL,G001440,R00324,False
GL,G001441,R00554,False
GL,G001442,R01116,False
GL,G001443,R00354,False
GL,G001444,R00011,False
GL,G001445,R00593,False
GL,G001446,R00346,False
GL,G001447,R00893,False
GL,G001448,R00771,False
GL,G001449,R01053,False
GL,G001450,R00850,False
GL,G001451,R01421,False
GL,G001452,R00140,False
GL,G001453,R00160,False
GL,G001454,R00690,False
GL,G001455,R00355,False
GL,G001456,R01087,False
GL,G001457,R01245,False
GL,G001458,R00447,False
GL,G001459,R00510,False
GL,G001460,R00144,False
GL,G001461,R00264,False
GL,G001462,R01055,False
GL,G001463,R00809,False
GL,G001464,R00819,False
GL,G001465,R01392,False
GL,G001466,R01380,False
GL,G001467,R01168,False
GL,G001468,R00558,False
GL,G001469,R00400,False
GL,G001470,R00529,False
GL,G001471,R01081,False
GL,G001472,R01232,False
